2019-10-16 02:21:54+00:00," It also brings Shifty’s fraudulent MADE UP CALL, which he read to the United States Congress pretending it to be the words of President Trump, which they were not!",1
2020-03-13 10:22:19+00:00," Their response to H1N1 Swine Flu was a full scale disaster, with thousands dying, and nothing meaningful done to fix the testing problem, until now.",1
2020-04-20 15:37:22+00:00," “Testing, Testing, Testing,” again playing a very dangerous political game.",0
2019-12-06 16:00:28+00:00,#2020,0
2019-12-13 11:53:54+00:00,#2020Election,0
2019-12-10 12:37:52+00:00,#2020Election,0
2019-12-15 22:28:02+00:00,#2020Election,0
2019-11-06 04:37:49+00:00,"#ElectionNight  Won 5 out of 6 elections in Kentucky, including 5 great candidates that I spoke for and introduced last night.",0
2020-03-17 13:34:01+00:00,#KILLTHEVIRUS,0
2020-03-28 04:21:32+00:00,#MAGA,0
2020-04-03 17:14:22+00:00,#MAGA,0
2019-12-11 23:45:03+00:00,#MAGA,0
2019-10-30 14:51:35+00:00,#MAGA,0
2020-04-15 19:02:47+00:00,#MAGA,0
2020-03-28 02:29:57+00:00,#MAGA,0
2020-03-28 01:24:32+00:00,#MAGA,0
2020-02-19 23:58:28+00:00,#MAGA #KAG2020,0
2019-11-09 19:31:10+00:00,#MAGA #KAG2020,0
2019-12-15 18:24:28+00:00,#MAGAKAG #2020,0
2020-02-18 03:12:01+00:00,#PrayingForRyan,0
2019-12-21 03:32:15+00:00,#RuralProsperity,0
2019-10-19 12:32:36+00:00,#StopTheCoup,0
2020-03-22 14:52:09+00:00,#TEAMWORK,0
2020-03-04 03:23:58+00:00,"$700 million washed down the drain, and he got nothing for it but the nickname Mini Mike, and the complete destruction of his reputation.",1
2019-11-14 11:54:17+00:00,- but not Shifty!,1
2019-12-19 12:31:56+00:00,100% Republican Vote.,0
2020-03-12 20:02:21+00:00,"108 countries are dealing with the CoronaVirus problem, some of which we are helping!",0
2019-10-13 23:09:01+00:00,"10:00 P.M. No guests, just Mark.",0
2020-02-12 02:45:15+00:00,13 Angry Democrats?,1
2019-12-21 04:43:40+00:00,135 times since my 2016 Election Win.,0
2019-11-01 01:32:44+00:00,"1600 Pennsylvania Avenue, the White House, is the place I have come to love and will stay for, hopefully, another 5 years as we MAKE AMERICA GREAT AGAIN, but my family and I will be making Palm Beach, Florida, our Permanent Residence.",0
2020-04-17 16:25:30+00:00,"17,000 people died unnecessarily and through incompetence!",1
2019-10-22 11:54:36+00:00,185 out of 185 present voted for “US” last night.,0
2019-12-24 22:32:38+00:00,"187 new Federal Judges have been confirmed under the Trump Administration, including two great new United States Supreme Court Justices.",0
2020-01-26 16:24:41+00:00,"191 Federal Judges a record, and two Supreme Court Justices, approved.",0
2020-01-06 14:39:43+00:00,"196 to ZERO was the Republican House vote, and we got 3 Dems.",0
2020-02-23 23:07:43+00:00,2 Supreme Court Justices.,0
2019-12-25 20:32:42+00:00,"2019 HOLIDAY RETAIL SALES WERE UP 3.4% FROM LAST YEAR, THE BIGGEST NUMBER IN U.S. HISTORY.",0
2020-02-23 23:07:43+00:00,"218 Federal Judges, also a Record.",0
2019-12-14 02:27:02+00:00,25 Million Evangelical Christians are not registered to vote.,0
2020-01-16 13:41:21+00:00,"250 Billion Dollars will be coming back to our Country, and we are now in a great position for a Phase Two start.",0
2019-12-27 16:37:20+00:00,2870 officially recognizing Little Shell Tribe of Chippewa Indians.,0
2019-12-16 14:25:14+00:00,3 years ago they were forced to publicly apologize for modulating my microphone in the first debate against Crooked Hillary.,0
2020-04-02 13:17:22+00:00,51 large cargo planes coming in with medical supplies.,0
2020-02-26 02:34:31+00:00,52% in the new Rasmussen Poll.,0
2020-01-11 14:35:53+00:00,53% Approval Rating overall can we add 7 to 10 percent because of the Trump “thing?”.,0
2020-02-10 11:47:57+00:00,53% overall plus add 9 points?.,0
2020-03-27 19:38:04+00:00,5:00 P.M. Eastern!,0
2020-03-27 20:32:53+00:00,5:30 P.M. Eastern!,0
2020-03-14 00:42:25+00:00,"6201: Families First CoronaVirus Response Act, which will be voted on in the House this evening.",0
2019-10-13 03:13:10+00:00,66% down to 47% after I explained what a bad job the Governor was doing.,0
2020-01-09 14:54:59+00:00,"70%, 80%, 90% up?",0
2020-01-09 15:47:49+00:00,"70%, 80%, 90% up?",0
2019-11-24 12:34:33+00:00,75% to 25%.,0
2020-03-27 13:44:50+00:00,90% GREAT!,0
2019-10-22 11:37:03+00:00,94% of the people in these battleground states who voted for President Trump want him to continue as President.,0
2019-11-18 12:29:38+00:00,95% A.R.,0
2019-11-23 22:57:15+00:00,"95% Approval Rate in the Republican Party, a record!",0
2020-03-18 13:29:58+00:00,"95% Approval Rating in the Republican Party, 53% overall.",0
2020-01-18 22:56:19+00:00,"95% Approval Rating in the Republican Party, A Record.",0
2020-02-10 11:47:57+00:00,"95% Approval Rating in the Republican Party, a Record!",0
2020-02-23 23:07:43+00:00,"95% Approval Rating in the Republican Party, a Record.",0
2020-01-11 14:35:53+00:00,"95% Approval Rating in the Republican Party, a record.",0
2019-10-29 13:20:20+00:00,"95% Approval Rating in the Republican Party, a record.",0
2020-01-04 14:57:14+00:00,95% Approval Rating in the Republican Party.,0
2020-02-14 15:26:37+00:00,95% Approval Rating in the Republican Party.,0
2019-11-27 22:11:03+00:00,95% Approval Rating in the Republican Party.,0
2020-01-09 22:49:55+00:00,95% Approval Rating in the Republican Party.,0
2019-11-04 12:58:31+00:00,95% Approval Rating in the Republican Party.,0
2019-11-09 19:31:10+00:00,95% Approval Rating in the Republican Party.,0
2020-02-26 02:34:31+00:00,95% Approval Rating in the Republican Party.,0
2020-01-26 16:24:41+00:00,95% Approval Rating in the Republican Party.,0
2019-10-22 11:57:09+00:00,95% Approval Rating in the Republican Party.,0
2019-10-16 11:25:52+00:00,95% Approval Rating in the Republican Party.,0
2020-04-21 11:15:57+00:00,96% Approval Rating in the Republican Party.,0
2020-05-02 13:17:42+00:00,96% Approval Rating in the Republican Party.,0
2020-03-26 04:48:58+00:00,96-0 in the United States Senate.,0
2020-02-29 03:25:32+00:00,A BIG and REALLY ENTHUSIASTIC CROWD!,0
2020-05-04 13:36:33+00:00,A Big Record!,0
2020-05-04 13:42:13+00:00,A Classic!,0
2020-02-09 19:38:41+00:00,A Do Nothing Stiff!,1
2019-10-30 12:26:21+00:00,A Federal Judge is allowing the Nick Sandman libel suit to move forward against the thoroughly disgusting Washington Post which is no longer available at the White House!.,0
2019-11-07 15:43:29+00:00,A New Record.,0
2019-12-15 18:24:28+00:00,A PERFECT phone call.,0
2020-03-01 20:17:46+00:00,A Poll in today’s New York Post says that 77% of “U.S.,0
2020-02-18 14:01:11+00:00,A Rigged Convention!,0
2020-02-14 15:33:02+00:00,A Rigged System!,0
2019-12-31 13:53:10+00:00,A big THANK YOU to them!,0
2019-10-13 05:11:02+00:00,A big night.,0
2019-10-15 00:21:30+00:00,A big scandal at ABC News.,0
2019-12-20 21:07:50+00:00,A big supporter of our #MAGA Agenda,0
2019-12-21 03:31:10+00:00,A big win for our Vets!,0
2020-03-02 00:08:40+00:00,A boring mayor who the people couldn’t stand!,1
2020-04-13 14:53:52+00:00,"A decision by me, in conjunction with the Governors and input from others, will be made shortly!",0
2020-03-28 17:31:58+00:00,"A decision will be made, one way or another, shortly.",0
2019-11-15 17:13:57+00:00,A double standard like never seen before in the history of our Country?,0
2019-12-20 12:12:58+00:00,"A far left magazine, or very “progressive,” as some would call it, which has been doing poorly and hasn’t been involved with the Billy Graham family for many years, Christianity Today, knows nothing about reading a perfect transcript of a routine phone call and would rather.",0
2019-11-07 15:27:57+00:00,A garbage newspaper!,1
2019-10-25 01:52:32+00:00,A giant Scam!,1
2020-04-14 14:57:19+00:00,"A good old fashioned mutiny every now and then is an exciting and invigorating thing to watch, especially when the mutineers need so much from the Captain.",0
2019-11-20 01:06:48+00:00,"A great day for Republicans, a great day for our Country!",0
2020-03-24 19:08:11+00:00,A great issue for both Republicans and Democrats.,0
2019-11-02 16:26:02+00:00,"A great new book by Howie Carr, “What Really Happened, How Donald J. Trump Saved America From Hillary Clinton,” is on sale now.",0
2019-10-29 13:34:15+00:00,"A great new book just out, “The Plot Against the President.",0
2019-11-04 17:39:36+00:00,A great new book that I highly recommend for ALL to read.,0
2019-11-12 03:07:37+00:00,A great try by seanspicer.,0
2020-01-09 15:00:36+00:00,A lot of good news coming out of this Administration.,0
2020-01-02 13:58:01+00:00,"A lot of very good people were taken down by a small group of Dirty Filthy Cops, politicians, government officials, and an investigation that was illegally started and that SPIED on my campaign.",1
2019-11-24 23:33:02+00:00,"A man of great achievement and success, I know Ken will do an outstanding job!",0
2020-01-18 23:18:22+00:00,"A massive 200 Billion Dollar Sea Wall, built around New York to protect it from rare storms, is a costly, foolish and environmentally unfriendly idea that, when needed, probably won’t work anyway.",0
2020-03-29 00:19:31+00:00,A quarantine will not be necessary.,0
2019-10-15 00:21:30+00:00,A real disgrace.,0
2019-10-12 14:16:10+00:00,"A runoff will be a tremendous win for your Great State - lower taxes and car insurance, and better protection of your 2nd Amendment!",0
2020-02-29 03:00:18+00:00,"A so-called reporter named JohnJHarwood, who bombed so badly in the 2016 Presidential Debates that I thought he was going to be immediately fired a Mini Mike type performance, is now with Fake News CNN.",1
2019-12-18 12:34:06+00:00,A terrible Thing.,0
2019-10-14 10:39:09+00:00,A total Impeachment Scam!,1
2019-10-24 14:28:54+00:00,A total Scam!,1
2020-03-10 11:33:52+00:00,"A total blowout, but that’s what you get when you treat “Trump” fairly!",0
2020-02-29 03:00:18+00:00,A total loser!,1
2020-02-28 20:25:06+00:00,"A total phony who disavowed “Stop and Frisk” after swearing by it for years, and even recently.",1
2020-02-28 20:25:06+00:00,A total phony!,1
2019-10-18 19:34:21+00:00,"A total professional, I have no doubt that Dan will do a great job!",0
2020-01-12 16:40:18+00:00,"A totally partisan Hoax, never happened before.",0
2020-01-11 14:15:22+00:00,A vast majority want the Do Nothing Democrats to move on to other things now!,1
2020-02-12 03:02:28+00:00,A very bad night for Mini Mike!,1
2019-12-15 17:12:30+00:00,A very big lie.,0
2019-10-19 01:28:29+00:00,A very dishonest sleazebag!,1
2020-04-12 14:21:03+00:00,A very good sign is that empty hospital beds are becoming more and more prevalent.,0
2019-11-05 13:25:13+00:00,"A wonderful family and friends from Utah got caught between two vicious drug cartels, who were shooting at each other, with the result being many great American people killed, including young children, and some missing.",0
2020-03-03 21:10:46+00:00,"ALL thanks to SenCoryGardner and SteveDaines, two GREAT Conservative Leaders!",0
2019-11-23 19:52:58+00:00,ANY DIRECT EVIDENCE THAT PRESIDENT TRUMP DID ANYTHING IMPEACHABLE.,0
2020-05-01 12:14:36+00:00,AOC!,0
2020-03-23 03:50:20+00:00,"AT THE END OF THE 15 DAY PERIOD, WE WILL MAKE A DECISION AS TO WHICH WAY WE WANT TO GO!",0
2020-04-08 23:34:27+00:00,"Absentee Ballots are a great way to vote for the many senior citizens, military, and others who can’t get to the polls on Election Day.",0
2019-12-27 13:48:31+00:00,Academy Award winning actor and great guy!,0
2020-02-22 15:18:17+00:00,"According to Corrupt politician Adam “Shifty” Schiff, they are pushing for Crazy Bernie Sanders to win.",1
2020-01-12 23:46:18+00:00,"Actually, I couldn’t care less if they negotiate.",0
2020-02-08 14:41:09+00:00,"Actually, I don’t know him, never spoke to him, or met him I don’t believe!",0
2020-04-30 04:01:08+00:00,"Actually, he is doing a great job, I never shouted at him been with me for years, including the 2016 win, and have no intention to do so.",0
2020-03-31 13:18:13+00:00,"Actually, other than her usual complaining that I’m a terrible person, she wasn’t bad.",0
2019-12-20 00:16:46+00:00,"Actually, they have zero proof of anything, they will never even show up.",0
2019-12-17 14:39:10+00:00,"Actually, they have!",0
2019-10-14 10:39:09+00:00,Adam Schiff now doesn’t seem to want the Whistleblower to testify.,0
2019-11-23 15:17:06+00:00,"Adam Schiff will be compelled to testify should the Democrats decide, despite the fact that my presidential conversations were totally appropriate perfect, to go forward with the Impeachment Hoax.",0
2020-02-13 12:57:26+00:00,"Add that to everything else, and this is not looking good for the “Justice” Department.",0
2020-01-27 05:18:33+00:00,"Additionally, I met with President Zelensky at the United Nations",0
2019-12-21 19:38:25+00:00,"Additionally, we got Border Wall being built funding.",0
2019-11-24 23:33:02+00:00,Admiral and now Ambassador to Norway Ken Braithwaite will be nominated by me to be the new Secretary of the Navy.,0
2020-04-06 13:08:58+00:00,Advertising in the Failing New York Times is WAY down.,0
2020-01-20 19:59:40+00:00,"African-American Unemployment is the LOWEST in the history of our Country, by far.",0
2020-04-21 16:49:12+00:00,"After I sign this Bill, we will begin discussions on the next Legislative Initiative with fiscal relief",0
2019-10-14 19:10:50+00:00,"After defeating 100% of the ISIS Caliphate, I largely moved our troops out of Syria.",0
2020-01-26 15:27:21+00:00,"After having been exposed as a fraud and corrupt, can anyone, including Sleepyeyes Chuck Todd of Fake NBCNews, continue to listen to his con?",1
2020-01-24 12:37:46+00:00,"After having been treated unbelievably unfairly in the House, and then having to endure hour after hour of lies, fraud and deception by Shifty Schiff, Cryin’ Chuck Schumer and their crew, looks like my lawyers will be forced to start on Saturday, which is called Death Valley in T.V.",1
2020-03-01 00:16:33+00:00,"After the worst debate performance in the history of presidential debates,  Mini Mike now has Biden split up his very few voters, taking many away!",1
2019-12-14 13:07:09+00:00,"After watching the disgraceful way that a wonderful man, BrettKavanaugh, was treated by the Democrats, and now seeing first hand how these same Radical Left, Do Nothing Dems are treating the whole Impeachment Hoax, I understand why so many Dems are voting Republican!",1
2019-10-21 12:31:43+00:00,"After what he got caught doing, any pol who does not so vote cannot be honestare you listening Dems?",0
2020-04-26 21:53:32+00:00,Alex is doing an excellent job!,0
2020-01-29 12:28:24+00:00,All Classified National Security.,0
2020-03-13 10:22:19+00:00,"All Red Tape has been cut, ready to go!",0
2019-10-22 11:52:28+00:00,All Republicans must remember what they are witnessing here - a lynching.,0
2020-02-10 14:28:42+00:00,All States are doing well.,0
2019-10-10 13:42:47+00:00,All bad info!,0
2020-02-28 02:39:20+00:00,All countries working well together!,0
2020-02-09 01:19:05+00:00,"All he had to do is read the Transcripts, sadly, which he wouldn’t understand anyway.",1
2020-01-08 02:45:24+00:00,All is well!,0
2019-12-06 23:39:16+00:00,All necessary work has been completed to declare Mexican Cartels terrorist organizations.,0
2020-03-01 23:43:34+00:00,All of his SuperTuesday votes will go to Sleepy Joe Biden.,1
2019-12-11 15:17:29+00:00,"All of our priorities have made it into the final NDAA: Pay Raise for our Troops, Rebuilding our Military, Paid Parental Leave, Border Security, and Space Force!",0
2020-01-15 15:33:21+00:00,"All of this work was supposed to be done by the House, not the Senate!",0
2019-10-25 12:32:06+00:00,All others way down.,0
2020-02-09 00:07:31+00:00,All starts at 8:00 P.M. Will be discussing and explaining the Impeachment Hoax!,0
2019-12-28 21:14:37+00:00,All they want to do is investigate to make me hate them even more than I should.,0
2019-11-23 19:52:49+00:00,All those hours of televised testimony plainly failed on their announced goal: to change American’s minds.,0
2019-10-11 13:49:09+00:00,All would like to see something significant happen!,0
2019-11-04 15:09:53+00:00,All-Time High for Stock Market and all the Fake News wants to talk about is the Impeachment Hoax!,1
2020-01-28 15:47:16+00:00,Almost everyone say YES!,0
2019-11-17 05:09:17+00:00,Also began phase one of my yearly physical.,0
2020-01-16 13:41:21+00:00,Also good for China and our long term relationship.,0
2019-12-20 15:24:23+00:00,"Also talked about North Korea, where we are working with China, and Hong Kong progress!.",0
2019-11-06 20:15:58+00:00,"Also talked about their Border with Syria, the eradication of terrorism, the ending of hostilities with the Kurds, and many other topics.",0
2020-02-04 14:34:16+00:00,"Also, 97% Plus of the vote!",0
2019-12-27 13:48:31+00:00,"Also, LOVES THE USA!",0
2019-10-15 15:32:05+00:00,"Also, MORE PEOPLE WORKING TODAY IN THE USA THAN AT ANY TIME IN HISTORY!",0
2020-03-13 13:44:29+00:00,"Also, STIMULATE!",0
2020-03-18 13:30:02+00:00,"Also, according to the Daily Caller, leading Sleepy Joe Biden in Florida, 48% to 42%.",1
2019-12-02 16:43:02+00:00,"Also, and as usual, RepAndyBiggsAZ was fantastic!",0
2020-03-03 13:36:16+00:00,"Also, as mayor he was very bad under pressure - a chocker!",1
2020-03-03 14:30:27+00:00,"Also, as mayor he was very bad under pressure - a choker!",1
2020-01-20 19:59:40+00:00,"Also, best Poverty, Youth, and Employment numbers, ever.",0
2020-04-17 16:25:30+00:00,"Also, don’t forget their 5 Billion Dollar Obamacare website that should have cost close to nothing!",0
2020-04-12 21:43:10+00:00,"Also, gear up with Face Masks!",0
2020-04-25 15:06:08+00:00,"Also, it did start with “one person from China”, and then grew, and will be a “Miracle” end!",0
2020-05-02 13:17:42+00:00,"Also, just out, highest ever Approval Rating overall in the new Gallup Poll, and shows “Trump beating Sleepy Joe Biden.”",1
2020-03-26 15:36:38+00:00,"Also, my 12:00 P.M. Teleconference call w/50 Governors, plus Territories, will be discussed.",0
2019-11-03 14:12:00+00:00,"Also, open up the ridiculously closed water lanes coming down from the North.",0
2020-01-09 13:20:47+00:00,"Also, remember her “speed and rush” in getting the Impeachment Hoax voted on and done.",0
2019-12-07 17:13:40+00:00,"Also, see where I say “us” our Country as opposed to “me” meaning me and where I then say that the Attorney General of the United States will call you.",0
2020-04-18 15:51:25+00:00,"Also, spoke to leaders of various countries including Poland, South Korea and Bahrain.",0
2020-03-10 14:00:07+00:00,"Also, stimulate!",0
2019-10-15 00:17:05+00:00,"Also, the second Whistleblower is no longer even mentioned!",0
2019-11-17 20:08:08+00:00,"Also, they didn’t even know the money wasn’t paid, and got the money with no conditions.",0
2019-12-26 03:12:18+00:00,"Also, very unfair with no Due Process, proper representation, or witnesses.",0
2020-04-06 15:34:27+00:00,"Also, what ever happened to that phone call he told the Fake News he wanted to make to me?",1
2019-12-02 18:07:44+00:00,"Also, why were the lovers text messages scrubbed after he left Mueller.",0
2020-03-27 15:16:07+00:00,Always a mess with Mary B. Invoke “P”.,0
2020-01-19 17:44:56+00:00,Always like love!,0
2019-12-24 22:32:38+00:00,Amazing story!,0
2020-03-02 02:12:12+00:00,Amazing!!!,0
2019-11-20 18:57:06+00:00,Ambassador Sondland asks U.S. President me: “What do you want from Ukraine?,0
2019-11-15 04:52:17+00:00,"Ambassador Sondland did not tell us, and certainly did not tell me, about a connection between the assistance and the investigation.” THE FAKE IMPEACHMENT INQUIRY IS NOW DEAD!",0
2019-11-21 15:18:31+00:00,Ambassador Sondland’s testimony stated that,0
2019-10-14 17:26:24+00:00,America First!,0
2020-03-11 18:52:44+00:00,America is the Greatest Country in the world.,0
2020-04-04 19:10:23+00:00,America owes our very hard working food supply workers so much as they produce and deliver high quality food for us during this horrible COVID-19.,0
2020-03-11 18:52:45+00:00,America will get it done!,0
2020-04-18 17:20:49+00:00,America will not be fooled!!,0
2020-03-31 19:50:29+00:00,"American families will now be able to buy safer, more affordable, and environmentally friendly cars with our new SAFE VEHICLES RULE.",0
2019-12-01 18:31:40+00:00,American leadership has proven that together we can save lives.,0
2019-12-08 21:08:21+00:00,American people are supposed to believe that this simply isn’t a part of everthing they’ve been trying to do for the last three years?,0
2020-02-12 18:32:11+00:00,Americans overwhelmingly support our attack on terrorist Soleimani,0
2019-12-10 14:32:30+00:00,America’s great USMCA Trade Bill is looking good.,0
2020-04-21 02:02:12+00:00,"An Annapolis graduate, he served our Country as a highly decorated Navy Fighter Pilot and will be a great Congressman #CA25.",0
2019-10-14 19:16:43+00:00,"And by the way, numbers are way down and the WALL is being built!",0
2019-11-23 20:17:51+00:00,And now Dems in Swing Districts head home for Thanksgiving to hear from voters.,0
2020-02-03 17:03:03+00:00,And sooo much more!,0
2019-11-23 17:05:49+00:00,And the Whistleblower also worked for Susan Rice.,0
2020-05-03 14:43:31+00:00,"And then came a Plague, a great and powerful Plague, and the World was never to be the same again!",0
2020-03-02 02:12:12+00:00,"And, while you’re at it, go get Charlie’s new book, “The MAGA Doctrine: The Only Ideas That Will Win the Future”This is a really GREAT book.",0
2020-03-17 12:22:11+00:00,"Andrew, keep politics out of it",1
2020-02-19 17:46:02+00:00,Another Comey and gang deal!,0
2020-01-18 23:16:21+00:00,"Another Fake Book by two third rate Washington Post reporters, has already proven to be inaccurately reported, to their great embarrassment, all for the purpose of demeaning and belittling a President who is getting great things done for our Country, at a record clip.",1
2020-04-07 15:22:46+00:00,Another Fake Dossier!,0
2019-11-15 15:17:45+00:00,"Another Record Stock Market, 21 times this year, despite an ongoing, and totally unfounded, Witch Hunt, and a Democrat Party that would love to see a nice, big, juicy recession.",0
2019-10-25 12:12:23+00:00,"Another big dropout of the Presidential race was, along with 0% Tim Ryan, 0% RepSwalwell.",0
2020-02-21 15:36:48+00:00,"Another misinformation campaign is being launched by Democrats in Congress saying that Russia prefers me to any of the Do Nothing Democrat candidates who still have been unable to, after two weeks, count their votes in Iowa.",1
2019-11-25 15:05:40+00:00,Another new Stock Market Record.,0
2020-02-07 17:51:42+00:00,Another win just in.,0
2020-01-25 18:41:03+00:00,"Any fair minded person watching the Senate trial today would be able to see how unfairly I have been treated and that this is indeed the totally partisan Impeachment Hoax that EVERYBODY, including the Democrats, truly knows it is.",0
2019-12-08 16:50:13+00:00,"Any president, any administration, is justified in investigating corruption, and there was serious evidence of real corruption concerning Hunter",0
2020-04-24 14:49:41+00:00,"Anyone who lets a garbage “network” do and say the things that CNN does, should leave ASAP.",1
2019-10-14 19:10:51+00:00,"Anyone who wants to assist Syria in protecting the Kurds is good with me, whether it is Russia, China, or Napoleon Bonaparte.",0
2019-10-31 12:20:12+00:00,"Anyone with intent would be a tad more discreet, don’t you think?",0
2020-01-13 15:47:16+00:00,"Anything I do, whether it’s the economy, military, or anything else, will be scorned by the Rafical Left, Do Nothing Democrats!",1
2020-04-26 18:28:35+00:00,Anything to demean!,1
2019-10-18 15:42:37+00:00,"Anyway, big progress being made!!!",0
2020-01-17 15:35:04+00:00,"Anyway, it’s a lot of fun to watch!",0
2019-12-15 19:14:32+00:00,"Approval Rating in Republican Party = 95%, a Record!",0
2020-02-04 15:59:56+00:00,"Approval Rating overall = 53%, a new high.",0
2019-11-15 13:48:52+00:00,"Approve USMCA, which has been sitting on her desk for months!",0
2020-02-23 18:45:26+00:00,"Are any Democrat operatives, the DNC, or Crooked Hillary Clinton, blaming Russia, Russia, Russia for the Bernie Sanders win in Nevada.",1
2020-04-11 22:27:01+00:00,Are there any NAMED sources?,0
2020-01-28 15:47:16+00:00,Are you better off now than you were three years ago?,0
2019-12-31 13:53:10+00:00,Armed congregants quickly stopped a crazed church shooter in Texas.,0
2019-11-01 01:32:45+00:00,"As President, I will always be there to help New York and the great people of New York.",0
2019-12-16 14:25:14+00:00,"As President, the debates are up",0
2020-01-03 17:27:08+00:00,"As Senator Josh Hawley just said, he’s going to enter a Motion to Dismiss the Impeachment Trial because it’s never actually been brought to trial.”",0
2020-02-18 15:29:43+00:00,"As an example, I want China to buy our jet engines, the best in the World",0
2019-12-15 18:01:26+00:00,As bad as the I.G.,0
2020-01-04 22:16:27+00:00,"As hard as I work, and as successful as our Country has become with our Economy, our Military and everything else, it is ashame that the Democrats make us spend so much time and money on this ridiculous Impeachment Lite Hoax.",0
2019-10-30 11:32:09+00:00,"As he said, “No Pressure.” This Impeachment nonsense is just a continuation of the Witch Hunt Hoax, which has been going on since before I even got elected.",0
2020-02-11 16:39:59+00:00,"As he spoke it drifted steadily downward, as usual, and is now at -15.",0
2020-04-30 11:45:41+00:00,"As of today, 2462 people have died there, a much higher number than the neighboring countries of Norway 207, Finland 206 or Denmark 443.",0
2020-03-29 16:12:52+00:00,"As per Governor MikeDeWine, there is a company in Ohio, Battelle, which has equipment that can sterilize masks quickly.",0
2020-03-05 14:11:25+00:00,"As per recent Federal Court ruling, the Federal Government will be withholding funds from Sanctuary Cities.",0
2020-03-27 15:16:07+00:00,"As usual with “this” General Motors, things just never seem to work out.",0
2020-03-02 15:16:33+00:00,"As usual, Jay Powell and the Federal Reserve are slow to act.",0
2020-03-05 20:34:49+00:00,"Ask MSDNC and lightweight Washington failure RonaldKlain, who the President was then?",0
2020-01-12 13:58:09+00:00,Ask why hearing was most unfair and biased in history?,0
2020-04-24 14:12:23+00:00,"Asking for Ventilators, which we will provide.",0
2020-01-08 02:45:24+00:00,Assessment of casualties and damages taking place now.,0
2019-10-13 23:09:01+00:00,"At 9:00 P.M. on FoxNews, Steve Hilton is looking into the Crooked Bidens.",1
2019-12-31 14:16:40+00:00,At a later date I will be going to Beijing where talks will begin on Phase Two!,0
2019-12-26 12:42:19+00:00,At least 51 Republican Senators would agree with that-there should be no trial.”,0
2019-11-19 03:34:12+00:00,"At my meeting with Jay Powell this morning, I protested fact that our Fed Rate is set too high relative to the interest rates of other competitor countries.",0
2020-03-13 22:21:18+00:00,"At my request, effective midnight tonight, Carnival, Royal Caribbean, Norwegian, and MSC have all agreed to suspend outbound cruises for thirty days.",0
2019-12-13 02:57:09+00:00,"At some point somebody should have said, wait a minute, this is out of control, this train is off the tracks, it’s time to get reasonable.”",0
2019-10-18 19:34:21+00:00,"At the same time, I am pleased to nominate Deputy Secretary Dan Brouillette to be the new Secretary of Energy.",0
2019-10-14 19:16:43+00:00,"At the same time, Syria and whoever they chose to help, wants naturally to protect the Kurds",0
2019-11-11 02:25:09+00:00,"At the same time, upon information and belief, Iran is, and has been, enriching uranium.",0
2020-03-09 14:47:59+00:00,"At this moment there are 546 confirmed cases of CoronaVirus, with 22 deaths.",0
2019-10-26 11:21:15+00:00,"Attended by a small number of family and friends, it could not have been nicer.",0
2020-03-14 13:45:56+00:00,Attending meetings on Covid-19 in the White House.,0
2019-12-15 18:24:28+00:00,Attorney General.” The Impeachment Hoax is just a continuation of the Witch Hunt which has been going on for 3 years.,0
2020-01-23 12:45:53+00:00,Attorney Generals from 21 States are urging the Senate to reject Impeachment.,0
2020-03-03 06:34:02+00:00,Australia’s Central Bank cut interest rates and stated it will most likely further ease in order to make up for China’s Coronavirus situation and slowdown.,0
2019-11-02 18:18:44+00:00,"Auto insurance costs and taxes will be coming way down with Eddie, and your 2nd Amendment will be protected.",0
2020-02-11 13:35:27+00:00,BEST USA ECONOMY IN HISTORY!,0
2019-12-20 13:54:52+00:00,BIG,0
2019-12-21 03:43:47+00:00,BIG thank you to Mac Thornberry MacTXPress for a GREAT Defense Deal!,0
2019-12-20 14:19:20+00:00,BIG!,0
2020-03-14 12:08:12+00:00,BIGGEST STOCK MARKET RISE IN HISTORY YESTERDAY!,0
2020-01-30 20:37:01+00:00,"BIGGEST TRADE DEAL EVER MADE, the USMCA, was signed yesterday and the Fake News Media barely mentioned it.",0
2020-02-18 13:14:22+00:00,BUT MAYBE I STILL WILL.,0
2020-01-19 00:52:28+00:00,BUT THE BEST IS YET TO COME!,0
2019-10-13 22:16:39+00:00,"BY THE WAY, DON’T CALL ME AGAIN, I’LL CALL YOU WHEN YOU’VE DONE WHAT I’VE ASKED.’” A reminder, that wasn’t just stupid, it was FALSE.” greggutfeld GregGutfeldShow FoxNews  I never said this.",0
2020-02-28 20:28:00+00:00,"Back room politics, which Bernie is not very good at.",1
2019-12-26 14:36:41+00:00,Bad for USA!,0
2019-10-26 12:18:28+00:00,"Badly failing presidential candidate KamalaHarris will not go to a very wonderful largely African American event today because yesterday I recieved a major award, at the same event, for being able to produce and sign into law major Criminal Justice Reform legislation, which will..",0
2020-04-04 14:59:18+00:00,BankofAmerica and community banks are rocking!,0
2019-11-06 12:51:44+00:00,"Based on the Kentucky results, Mitch McConnell senatemajldr will win BIG in Kentucky next year!",0
2019-11-07 14:00:34+00:00,"Based on the information released last night about the Fake Whistleblowers attorney, the Impeachment Hoax should be ended IMMEDIATELY!",0
2020-03-02 12:55:20+00:00,Be calm and vigilant!,0
2020-03-16 02:51:02+00:00,Be careful!,0
2020-04-25 22:17:13+00:00,"Be careful, be safe, use common sense!",0
2020-04-12 21:43:10+00:00,"Be ready, big things are happening.",0
2019-10-16 11:25:52+00:00,"Because of Impeachment Fraud, we will easily take back the House, add in the Senate, and again win Pres!",0
2020-02-10 12:37:42+00:00,"Because of how badly they did with the Impeachment Hoax, AOC will primary Cryin’ Chuck Schumer, and win, and Jerry Nadler has a good chance of losing to his far left primary opponent!",1
2020-04-10 14:36:41+00:00,Because the T.V.,0
2020-03-29 17:06:20+00:00,Because the “Ratings” of my News Conferences etc.,0
2020-02-13 16:04:34+00:00,Being Chief of Staff just wasn’t for him.,0
2020-04-08 15:49:28+00:00,Bernie Sanders is OUT!,0
2020-01-13 15:25:26+00:00,Bernie Sander’s volunteers are trashing Elizabeth “Pocahontus” Warren.,1
2020-03-18 13:16:07+00:00,"Bernie has given up, just like he did last time.",0
2020-02-13 13:23:07+00:00,Bernie’s people will go nuts!,0
2020-01-26 16:24:41+00:00,Best Economy and Employment Numbers EVER.,0
2020-03-10 21:59:35+00:00,"Best employment number EVER, almost 160 million people working right now.",0
2020-02-28 14:46:31+00:00,Best place to be is a Trump Rally.,0
2020-03-10 21:59:35+00:00,Best unemployment numbers in the history of our Country.,0
2019-11-30 23:11:04+00:00,Best wishes!,0
2020-04-26 18:37:00+00:00,Better be fast!,0
2020-02-22 23:55:36+00:00,"Biden and the rest look weak, and no way Mini Mike can restart his campaign after the worst debate performance in the history of Presidential Debates.",1
2020-03-16 02:51:02+00:00,Biden lied when he said I want to cut Social Security and Medicare.,0
2019-12-08 16:50:13+00:00,"Biden on the board of the largest natural gas company in Ukraine, getting paid $83,000 a month, 10 times as much as a board member of exxonmobil.” Thank you Ted.",0
2020-04-17 16:25:30+00:00,Biden/Obama were a disaster in handling the H1N1 Swine Flu.,0
2020-04-10 11:32:26+00:00,Big Economic Bounceback!,0
2020-02-04 15:59:56+00:00,Big Iowa win.,0
2020-04-23 23:54:54+00:00,"Big Jim is strong on Life, the Second Amendment, and Building the Wall!",0
2019-11-21 01:03:39+00:00,Big News!,0
2019-11-02 20:55:19+00:00,"Big Rally in Kentucky on Monday night for a man who has worked really hard and done a GREAT job, Governor MattBevin.",0
2020-02-26 13:51:13+00:00,Big Rally in the Great State of South Carolina on Friday.,0
2019-11-06 05:15:06+00:00,Big Rally!,0
2020-01-30 21:58:38+00:00,Big Rally!,0
2020-01-28 22:16:52+00:00,"Big Rally, in fact, Really Big Rally!",0
2020-02-04 04:27:51+00:00,Big WIN for us in Iowa tonight.,0
2020-01-12 13:13:44+00:00,Big WIN last night!,0
2019-12-15 18:01:26+00:00,Big credibility loss.,0
2020-02-10 11:28:32+00:00,Big crowds in Manchester!,0
2019-10-10 13:49:52+00:00,Big day of negotiations with China.,0
2020-01-13 15:53:40+00:00,Big progress!,0
2019-10-14 11:14:09+00:00,Big sanctions on Turkey coming!,0
2019-10-23 12:39:20+00:00,Big success on the Turkey/Syria Border.,0
2020-04-03 00:52:35+00:00,Big surprise to many in government as to what they were doing - will have a big price to pay!,0
2020-01-25 01:59:08+00:00,Big tonight!,0
2019-10-13 12:31:29+00:00,Big upset!,0
2019-11-07 12:28:41+00:00,Bill Barr did not decline my request to talk about Ukraine.,0
2020-04-23 23:34:55+00:00,Bill has my Complete and Total Endorsement!,0
2020-04-27 12:20:41+00:00,Blame the Democrats for any “lateness” in your Enhanced Unemployment Insurance.,0
2019-11-21 12:58:57+00:00,"Bob Mueller, after spending two years and 45 million dollars, went over all of my financials, and my taxes, and found nothing.",0
2020-02-23 18:45:26+00:00,Bob will get to the bottom of it!,0
2020-02-12 03:23:07+00:00,Bootedgeedge Buttigieg is doing pretty well tonight.,0
2020-04-18 15:51:25+00:00,Border is very strong!,0
2020-05-04 13:42:13+00:00,Border is very tight and the Wall is rapidly being built!,0
2019-11-12 11:25:15+00:00,Both Bidens should be forced to testify in this No Due Process Scam!,0
2019-12-15 00:47:51+00:00,Both Commiecast MSNBC and Fake News CNN are watching their Ratings TANK.,1
2019-12-10 14:56:29+00:00,"Both the President and Foreign Minister of Ukraine said, many times, that there “WAS NO PRESSURE.” Nadler and the Dems know this, but refuse to acknowledge!",0
2019-12-26 12:42:19+00:00,"Brad Blakeman “I happen to believe as a lawyer that the charges are defective, they don’t meet the Constitutional standard of high crimes and misdemeanors, so I would like to see a Motion to Dismiss.",0
2019-11-26 11:53:16+00:00,Brandon Judd just gave us great marks!,0
2019-12-02 10:59:33+00:00,Brazil and Argentina have been presiding over a massive devaluation of their currencies.,0
2020-01-09 13:46:26+00:00,"Breaking News: The Fifth Circuit Court of Appeals just reversed a lower court decision and gave us the go ahead to build one of the largest sections of the desperately needed Southern Border Wall, Four Billion Dollars.",0
2019-12-02 13:53:16+00:00,Breaking News: The President of Ukraine has just again announced that President Trump has done nothing wrong with respect to Ukraine and our interactions or calls.,0
2019-11-23 17:05:49+00:00,"Brennan, too.",0
2019-10-14 11:14:09+00:00,Brian Kilmeade over at foxandfriends got it all wrong.,0
2020-01-30 20:10:22+00:00,Brian has my Complete and Total Endorsement!,0
2020-02-26 11:39:45+00:00,Briefing this afternoon.,0
2019-10-20 13:15:35+00:00,Bringing soldiers home!,0
2019-12-13 06:08:11+00:00,Britain and the United States will now be free to strike a massive new Trade Deal after BREXIT.,0
2019-12-21 04:43:40+00:00,Broke all time Stock Market Record again today.,0
2019-12-17 21:20:39+00:00,Buddy's 100% pro-Wall and 100% pro-jobs.,0
2019-12-17 21:20:39+00:00,Buddy_Carter is a BUSINESSMAN first.,0
2020-03-31 19:50:29+00:00,Build better and safer American cars and create American jobs.,0
2020-02-13 18:30:30+00:00,"Build relationships, but don’t bring Fredo!",0
2020-05-03 14:43:31+00:00,"But America rose from this death and destruction, always remembering its many lost souls, and the lost souls all over the World, and became greater than ever before!",0
2020-04-26 21:21:02+00:00,But Fox keeps on plugging to try and become politically correct.,0
2019-10-10 13:08:49+00:00,But FoxNews is also much different than it used to be in the good old days.,0
2020-02-07 16:31:56+00:00,But I WON Iowa big!,0
2020-03-08 04:42:08+00:00,"But I say, here we go AGAIN, Bernie!",0
2019-11-21 12:58:58+00:00,"But I’m clean, and when I release my financial statement my decision sometime prior to Election, it will only show one thing - that I am much richer than people even thought - And that is a good thing.",0
2020-04-20 15:37:22+00:00,"But everyone got their V’s, with many to spare.",0
2019-10-25 23:30:35+00:00,"But everything was about the Whistleblower they no longer want the second Whistleblower either, which they don’t want because the account of my call bore NO RELATIONSHIP to the call itself.",0
2019-11-14 15:28:15+00:00,"But no, the Left insisted on raising this to the gravity of a constitutional crisis and Impeachment.",0
2019-12-05 13:01:21+00:00,"But nothing matters to them, they have gone crazy.",0
2020-02-22 03:43:56+00:00,But now they report President Putin wants Bernie or me to win.,0
2019-11-09 15:37:20+00:00,"But we all fight back, and we always win!",0
2019-11-21 13:15:27+00:00,"But we are winning big, and they will soon be on our turf.",0
2019-10-22 11:52:28+00:00,But we will WIN!,0
2019-11-17 20:08:08+00:00,"But why isn’t Germany, France Europe paying?",0
2019-10-20 01:18:24+00:00,"But, as usual, the Hostile Media and their Democrat Partners went CRAZY!",1
2020-02-09 01:19:08+00:00,"But, just like the people of West Virginia will no longer look at weak and pathetic Joe Manchin the same I got the Pension Bill approved, Manchin couldn’t do it, the wonderful people of Utah will never look at “grandstander” Mitt Romney with anything but contempt and disgust!",1
2020-03-31 19:50:29+00:00,Buy American!,0
2019-12-02 04:33:56+00:00,Buy it!,0
2019-12-02 07:21:57+00:00,Buy it!,0
2020-03-03 14:00:33+00:00,Buy now!,0
2020-05-04 14:24:08+00:00,"By Congress not wanting the special 5 minute testing apparatus, they are saying that they are not “essential”.",0
2020-01-23 13:25:14+00:00,"By doing this, he figures, they won’t hit him as hard",0
2020-03-27 14:13:05+00:00,"By empowering the Radical Left Democrats, do nothing Kentucky politician RepThomasMassie is making their War on the 2nd Amendment more and more difficult to win But don’t worry, we will win anyway!.",1
2019-11-11 14:09:57+00:00,"By the way, Mississippi won everything!",0
2020-04-22 14:17:08+00:00,CDC Director was totally misquoted by Fake News CNN on Covid 19.,1
2020-02-24 21:42:02+00:00,CDC and World Health have been working hard and very smart.,0
2020-02-26 02:29:21+00:00,"CDC and my Administration are doing a GREAT job of handling Coronavirus, including the very early closing of our borders to certain areas of the world.",0
2020-02-26 11:39:45+00:00,"CDCgov, SecAzar and all doing a great job with respect to Coronavirus!",0
2020-02-26 13:03:21+00:00,CDCgov.,0
2019-10-13 21:50:14+00:00,CHINA HAS ALREADY BEGUN AGRICULTURAL PURCHASES FROM OUR GREAT PATRIOT FARMERS and RANCHERS!,0
2019-12-13 12:54:03+00:00,"CNN and MSNBC have totally tanked, their ratings are terrible.",1
2020-04-30 03:52:46+00:00,CNN doesn’t want to speak about their persecution of General Michael Flynn and why they got the story so wrong.,0
2020-04-04 17:07:39+00:00,CNN is Fake News.,1
2019-10-25 12:32:06+00:00,COMING HOME!,0
2019-12-25 20:32:42+00:00,CONGRATULATIONS AMERICA!,0
2019-12-28 13:33:58+00:00,California and New York must do something about their TREMENDOUS Homeless problems.,0
2019-11-03 14:12:00+00:00,"California desperately needs water, and you can have it now!",0
2019-12-26 23:53:17+00:00,"California leads the nation, by far, in both the number of homeless people, and the percentage increase in the homeless population - two terrible stats.",0
2020-02-12 02:21:27+00:00,"Calling for unity is her way of getting there, going home, and having a “nice cold beer” with her husband!",1
2020-03-05 16:10:49+00:00,Came in third in Mass.,0
2019-10-26 11:21:15+00:00,Camp David is a special place.,0
2019-12-07 00:28:48+00:00,Can this be possible?,0
2019-12-02 22:30:42+00:00,Can we go to Supreme Court to stop?,0
2019-10-18 15:51:42+00:00,"Can you believe I am doing this important work for our Country, and have to deal with Corrupt Adam Schiff and the Do Nothing Democrats at the same time?",1
2019-12-18 12:34:06+00:00,"Can you believe that I will be impeached today by the Radical Left, Do Nothing Democrats, AND I DID NOTHING WRONG!",1
2019-10-28 21:22:32+00:00,"Can you believe that Shifty Adam Schiff, the biggest leaker in D.C., and a corrupt politician, is upset that we didn’t inform him before we raided and killed the #1 terrorist in the WORLD!?",1
2019-10-22 04:33:26+00:00,Canada is well served.,0
2019-10-29 13:09:14+00:00,Can’t be possible!,0
2019-10-22 13:28:19+00:00,Can’t believe that Nervous Nancy Pelosi isn’t moving faster on USMCA.,1
2020-03-15 17:09:50+00:00,"Can’t believe they are not going after Schumer for the threats he made to our cherished United States Supreme Court, and our two great Justices.",0
2020-02-09 01:19:05+00:00,"Can’t say I mind the fact that the great people of West Virginia are furious at their puppet Democrat Senator, Joe Manchin.",1
2020-04-08 16:12:24+00:00,Can’t see AOC plus 3 supporting Sleepy Joe!,1
2019-10-23 12:39:20+00:00,Captured ISIS prisoners secured.,0
2020-01-30 20:34:18+00:00,"Car companies, and many others, are building and expanding here.",0
2020-04-26 17:42:04+00:00,"CardinalDolan  Thank you for a great call yesterday with Catholic Leaders, and a great Service today from StPatsNYC!",0
2020-04-26 16:11:30+00:00,"CardinalDolan  Thank you for a great call yesterday with Catholic Leaders, and a great Service today from stpatrickscath!",0
2019-10-23 12:39:20+00:00,Ceasefire has held and combat missions have ended.,0
2019-12-13 06:08:11+00:00,Celebrate Boris!,0
2019-10-21 12:31:43+00:00,Censure at least Corrupt Adam Schiff!,1
2019-10-14 18:59:04+00:00,"Check it out today, it is great!",0
2019-10-29 13:34:15+00:00,Check it out!,0
2020-02-24 22:08:51+00:00,Check it out!,0
2020-01-25 01:59:08+00:00,Check out seanhannity now on FoxNews.,0
2020-02-20 21:53:28+00:00,Check the polls taken immediately after the debates.,0
2019-11-01 12:39:58+00:00,Chicago will never stop its crime wave with the current Superintendent of Police.,0
2019-11-11 14:00:40+00:00,"Children’s health and safety, together with jobs, will be a focus!",0
2019-10-31 13:24:32+00:00,"China and the USA are working on selecting a new site for signing of Phase One of Trade Agreement, about 60% of total deal, after APEC in Chile was canceled do to unrelated circumstances.",0
2019-12-20 15:24:23+00:00,China has already started large scale purchaes of agricultural product and more.,0
2020-03-27 05:19:02+00:00,China has been through much and has developed a strong understanding of the Virus.,0
2020-01-24 21:18:15+00:00,China has been working very hard to contain the Coronavirus.,0
2020-04-17 16:30:05+00:00,China has just announced a doubling in the number of their deaths from the Invisible Enemy.,0
2019-12-07 00:28:48+00:00,"China has plenty of money, and if they don’t, they create it.",0
2019-10-31 14:37:45+00:00,"China is not our problem, the Federal Reserve is!",0
2019-12-13 13:42:00+00:00,"Choice!, cut Taxes and Regs, protected your 2nd A, created Jobs, Jobs, Jobs, and soooo much more?",0
2020-02-18 20:35:03+00:00,Chris Jacobs will be a great Congressman who will always fight for the people of New York.,0
2020-01-28 15:44:57+00:00,Chris Wallace and others should be on Fake News CNN or MSDNC.,1
2020-04-26 21:21:03+00:00,Chris Wallace is nastier to Republicans than even Deface the Nation or Sleepy Eyes.,1
2020-02-18 20:35:03+00:00,Chris has my Complete Endorsement for the Special Election on 4/28!,0
2020-01-03 17:27:07+00:00,"Christopher Bedford, The Federalist Senior Editor.",0
2019-12-14 19:09:26+00:00,Chuck Schumer sat for years during the Obama Administration and watched as China ripped off the United States.,0
2019-10-12 14:09:12+00:00,ChuckGrassley joniernst debfisher BenSasse  Thank you to all Republicans in Congress for your invaluable help!,0
2020-04-22 11:03:26+00:00,"Cindy is 90, but looks 39 to me.",0
2020-03-11 01:54:14+00:00,"Coach Tommy Tuberville, a winner, has my Complete and Total Endorsement.",0
2020-02-08 14:41:09+00:00,Col.” Vindman as though I should think only how wonderful he was.,0
2020-03-05 14:30:50+00:00,"Comcast covers the CoronaVirus situation horribly, only looking to do harm to the incredible and successful effort being made!",1
2020-04-16 13:33:08+00:00,Come back to Washington and do your job!,1
2019-11-14 13:44:07+00:00,Companies and jobs are coming back like never before!,0
2020-02-17 21:25:46+00:00,Completion of the Daytona 500 on Fox Network now.,0
2019-11-04 12:50:51+00:00,Con!,1
2020-05-01 15:27:29+00:00,Concast NBCNews and Fake News CNN are going out of their way to say GREAT things about China.,1
2019-12-07 00:06:59+00:00,Congrats to Lamar!,0
2020-03-26 04:48:58+00:00,Congratulations AMERICA!,0
2020-02-22 23:55:36+00:00,"Congratulations Bernie, and don’t let them take it away from you!",0
2019-11-14 03:47:12+00:00,Congratulations Don!,0
2019-10-11 23:46:31+00:00,"Congratulations Kevin, on a job well done!",0
2019-11-27 22:09:22+00:00,Congratulations USA!,0
2020-02-28 02:39:20+00:00,Congratulations and thank you to our great Vice President and all of the many professionals doing such a fine job at CDC and all other agencies on the Coronavirus situation.,0
2019-10-17 18:13:15+00:00,Congratulations to ALL!,0
2020-02-12 11:53:00+00:00,Congratulations to Attorney General Bill Barr for taking charge of a case that was totally out of control and perhaps should not have even been brought.,0
2020-03-01 15:11:11+00:00,Congratulations to Betty and Jorge Rivas on doing such a wonderful job.,0
2019-12-13 06:08:11+00:00,Congratulations to Boris Johnson on his great WIN!,0
2019-12-15 17:12:30+00:00,Congratulations to Devin.,0
2019-12-12 12:57:50+00:00,Congratulations to JUDGE LAWRENCE VANDYKE on being confirmed to the Ninth Circuit.,0
2019-10-22 04:33:26+00:00,Congratulations to JustinTrudeau on a wonderful and hard fought victory.,0
2020-03-25 14:54:47+00:00,"Congratulations to Prime Minister Abe of Japan, and the IOC, on their very wise decision to present the Olympics in 2021.",0
2020-03-01 04:49:32+00:00,Congratulations to Sleepy Joe Biden!,1
2020-04-20 13:58:46+00:00,"Congratulations to all of my many friends at The Villages in Florida on having done so well, and with such great spirit, during these rather unusual times.",0
2019-12-13 12:54:03+00:00,"Congratulations to foxandfriends on being named, BY FAR, the Number One Rated cable news show.",0
2019-11-06 04:51:12+00:00,Congratulations to tatereeves on winning Governor of the Great State of Mississippi.,0
2019-10-13 05:11:02+00:00,Congratulations to the Great State of Louisiana.,0
2020-01-12 13:13:44+00:00,Congratulations to the Great State of Tennessee.,0
2020-02-03 03:27:02+00:00,Congratulations to the Kansas City Chiefs on a great game and a fantastic comeback under immense pressure.,0
2019-10-31 04:49:56+00:00,Congratulations to the Washington Nationals on a great season and an incredible World Series.,0
2020-02-11 15:49:53+00:00,"Congratulations, spend your money wisely.",0
2020-03-24 14:16:34+00:00,Congress MUST ACT NOW.,0
2020-02-06 22:11:13+00:00,Congress and previous Administrations have long failed to find lasting solutions – my Administration is committed to exploring innovative approaches – I’m confident we can get it done!,0
2020-01-06 14:39:43+00:00,Congress and the President should not be wasting their time and energy on a continuation of the totally partisan Impeachment Hoax when we have so many important matters pending.,0
2020-03-04 23:46:50+00:00,Congress has agreed to provide $8 Billion to fight Coronavirus!,0
2020-03-24 12:45:18+00:00,"Congress must approve the deal, without all of the nonsense, today.",0
2020-04-10 11:48:26+00:00,"Congress must go back to DEDUCTIBILITY by businesses if Restaurants, Clubs and Entertaiment is expected to flourish like never before!",0
2020-04-01 16:36:30+00:00,"Congress must pass the old, and very strongly proven, deductibility by businesses on restaurants and entertainment.",0
2019-10-30 14:51:35+00:00,Congress needs to do its work.,0
2019-12-21 03:31:10+00:00,Congress responded.,0
2019-12-11 15:17:29+00:00,Congress – don’t delay this anymore!,0
2019-12-15 22:28:02+00:00,Congressional Do Nothing Democrats are being absolutely decimated in their districts on the subject of the Impeachment Hoax.,1
2020-04-23 23:15:35+00:00,Congressman Bill Johnson JohnsonLeads is an incredible fighter for the Great State of Ohio!,0
2020-04-23 23:34:55+00:00,Congressman Bill Posey is a tremendous fighter for the Great State of Florida.,0
2020-01-30 20:10:22+00:00,Congressman Brian Babin4Congress of Texas has been a strong supporter of our #MAGA Agenda.,0
2020-04-23 23:19:26+00:00,Congressman Chris Stewart StewartforUtah is a tremendous fighter for Utah.,0
2019-12-17 21:19:48+00:00,Congressman Denver4VA Riggleman is a true CONSERVATIVE leader who has done a great job for Virginia and will support our #MAGA Agenda.,0
2019-12-17 05:44:12+00:00,Congressman Jeff Van Drew is very popular in our great and very united Republican Party.,0
2020-04-23 23:20:45+00:00,Congressman John Curtis CurtisUT gets things done for Utah!,0
2019-12-20 21:07:50+00:00,Congressman Kevin Brady bradyfortexas is an outstanding representative for our Country and the Great State of Texas.,0
2019-12-06 23:42:45+00:00,Congressman LanceGooden has done a wonderful job for the people of Texas while supporting our #MAGA Agenda.,0
2019-12-11 23:45:03+00:00,Congressman Lloyd Smucker PA-11 was there and I informed him that he has my complete and total Endorsement for the upcoming 2020 Election.,0
2019-12-17 21:17:44+00:00,Congressman MarkwayneMullin is a big time #MAGA supporter!,0
2020-03-09 21:29:35+00:00,Congressman Michael Guest GuestCongress is an incredible fighter for the Great State of Mississippi.,0
2020-01-30 20:11:30+00:00,Congressman MichaelCBurgess has done a Great job representing the people of Texas.,0
2019-12-20 20:59:03+00:00,Congressman ScottRTipton is a great supporter of the #MAGA Agenda!,0
2020-03-09 21:34:37+00:00,Congressman StevenPalazzo is doing a fantastic job for the people of Mississippi.,0
2019-11-20 02:25:19+00:00,"Congressman Van Drew D-NJ: We’ve spent millions of Dollars, in my opinion, tons of money, tons of time, tons of hurt, fracturing the Nation apart.",0
2019-12-17 21:14:51+00:00,Congresswoman Kay GrangerCampaign has worked hard for Texas and been a strong supporter of our #MAGA Agenda.,0
2019-10-29 14:12:47+00:00,Consumer Confidence number very good.,0
2019-12-18 13:18:33+00:00,Continue to put forth policies like prescription drugs and trade policies.,0
2020-03-01 13:31:59+00:00,"Coronavirus: In addition to screening travelers “prior to boarding” from certain designated high risk countries, or areas within those countries, they will also be screened when they arrive in America.",0
2019-10-19 01:28:29+00:00,"Corrupt Congressman Adam Schiff is angry that Ambassadors that he thought would be good for his fraudulent Witch Hunt, are turning out to be good for me - some really good!",1
2020-02-10 11:47:57+00:00,Corrupt Democrat politicians have brought me to highest polling numbers ever with the Impeachment Hoax.,1
2019-11-10 18:58:14+00:00,"Corrupt politician Adam Schiff wants people from the White House to testify in his and Pelosi’s disgraceful Witch Hunt, yet he will not allow a White House lawyer, nor will he allow ANY of our requested witnesses.",1
2019-11-21 13:15:26+00:00,Corrupt politician Adam Schiff’s lies are growing by the day.,1
2019-10-26 11:21:15+00:00,Cost of the event will be totally paid for by me!,0
2020-04-02 14:54:55+00:00,Could be as high as 15 Million Barrels.,0
2020-02-12 02:34:14+00:00,Could it be that something is just plain missing?,0
2019-12-15 18:34:29+00:00,Could it be years in jail?,0
2020-01-12 14:26:51+00:00,Could not have said it better myself!,0
2020-02-20 21:53:28+00:00,Could somebody at foxnews please explain to Trump hater A.B.,0
2019-12-04 14:26:36+00:00,"Countries other than the U.S. have agreed to pay 130 Billion Dollars more per year, and by 2024, that number will be 400 Billion Dollars.",0
2019-10-10 13:08:50+00:00,"Court Justice and I turned him down he’s been terrible ever since, Shep Smith, donnabrazile who gave Crooked Hillary the debate questions and got fired from CNN, and others, FoxNews doesn’t deliver for US anymore.",1
2020-01-12 19:02:01+00:00,"Crazy Bernie Sanders is surging in the polls, looking very good against his opponents in the Do Nothing Party.",1
2020-01-23 21:08:30+00:00,"Crazy Bernie takes the lead in the Democrat Primaries, but it is looking more and more like the Dems will never allow him to win!",1
2020-02-08 15:16:46+00:00,"Crazy Nancy Pelosi’s Impeachment Hoax has lifted Republican Congressional Polls she lost the House once before!, and my Polls, WAY UP, which was expected, but it has had a great effect on Republican Senate races, including North Carolina, Kentucky, Colorado and Arizona.",1
2019-12-15 22:28:02+00:00,Crazy Nancy is finding defending Shifty Schiff harder than she thought!,1
2019-12-26 23:53:17+00:00,"Crazy Nancy should focus on that in her very down district, and helping her incompetent governor with the big homeless problem!",1
2020-01-17 15:35:00+00:00,Crazy Nancy thereby gives the strong edge to Sleepy,1
2019-12-22 20:18:34+00:00,"Crazy Nancy wants to dictate terms on the Impeachment Hoax to the Republican Majority Senate, but striped away all Due Process, no lawyers or witnesses, on the Democrat Majority House.",1
2020-04-16 13:33:08+00:00,"Crazy “Nancy Pelosi, you are a weak person.",1
2019-12-13 13:42:00+00:00,Crazy!,1
2020-02-26 13:24:17+00:00,"Crazy, chaotic Democrat Debate last night.",1
2020-04-12 21:33:34+00:00,"Criticize ’Trump’ for everything, and don’t let the public see Biden.",1
2019-10-19 19:47:51+00:00,"Crooked Hillary Clinton just called the respected environmentalist and Green Party candidate, Jill Stein, a “Russian Asset.” They need a Green Party more than ever after looking at the Democrats disastrous environmental program!",1
2020-05-01 12:14:36+00:00,"Cryin Chuck Schumer, compared to what other Senators have brought home to their states, has brought very little back to N.Y. A totally overrated loser, the one thing he has given them is SALT.",1
2020-02-25 14:02:15+00:00,"Cryin’ Chuck Schumer is complaining, for publicity purposes only, that I should be asking for more money than $2.5 Billion to prepare for Coronavirus.",1
2020-01-20 15:52:48+00:00,"Cryin’ Chuck Schumer is now asking for “fairness”, when he and the Democrat House members worked together to make sure I got ZERO fairness in the House.",1
2020-01-16 13:59:15+00:00,"Cryin’ Chuck Schumer is saying privately that the new China Trade Deal is  unbelievable, which it is, but publicly he knocks it whenever possible.",1
2020-01-14 23:45:49+00:00,"Cryin’ Chuck Schumer just said, “The American people want a fair trial in the Senate.” True, but why didn’t Nervous Nancy and Corrupt politician Adam “Shifty” Schiff give us a fair trial in the House.",1
2020-03-09 11:24:52+00:00,"Cryin’ Chuck Schumer said, “You will pay the price for this.",1
2020-05-01 12:07:51+00:00,Cryin’ Chuck Schumer was on a late night show using a false talking point over and over again.,1
2019-11-01 21:11:28+00:00,"Cuomo has weaponized the prosecutors to do his dirty work and to keep him out of jams, a reason some don’t want to be",1
2020-03-16 17:40:59+00:00,Cuomo of New York has to “do more”.,1
2020-04-17 17:00:01+00:00,Cuomo ridiculously wanted “40 thousand Ventilators”.,1
2020-03-17 12:22:11+00:00,Cuomo wants “all states to be treated the same.” But all states aren’t the same.,0
2020-04-02 12:57:41+00:00,Cuomo working hard!,0
2020-04-14 14:07:11+00:00,"Cuomo’s been calling daily, even hourly, begging for everything, most of which should have been the state’s responsibility, such as new hospitals, beds, ventilators, etc.",0
2019-11-02 18:18:44+00:00,Current Democrat governor has done a really poor job!,1
2019-11-13 00:43:06+00:00,"DACA recipients with arrest records: 53,792!",0
2019-10-09 14:32:04+00:00,"DACA stand, with all of its negative legal implications, the Republicans and Democrats will have a DEAL to let them stay in our Country, in very short order.",0
2020-03-10 14:28:57+00:00,DHS_Wolf,0
2020-04-30 12:11:23+00:00,DIRTY COP JAMES COMEY GOT CAUGHT!,1
2019-12-23 23:58:55+00:00,DOW UP 55.8%.,0
2019-10-28 21:22:32+00:00,DRAIN THE SWAMP!,0
2020-02-09 19:54:48+00:00,DRAIN THE SWAMP!,0
2020-02-13 14:10:08+00:00,DRAIN THE SWAMP!,0
2019-10-21 12:25:26+00:00,Dan hits all of the crooked points of the greatest Witch Hunt in political history.,0
2019-12-17 21:44:23+00:00,Dan is Strong on the #2A and is 100% pro-jobs.,0
2019-11-14 15:28:15+00:00,DanHenninger  WSJ: Nancy Pelosi had it right the first time when she did not want to go down the Impeachment path.,0
2019-11-23 17:18:00+00:00,"Daniel Cameron, who just won the A.G. race in the Great Commonwealth of Kentucky, is a young and very talented political star.",0
2019-10-18 19:34:21+00:00,Dan’s experience in the sector is unparalleled.,0
2020-01-12 18:41:13+00:00,"David Kris, a highly controversial former DOJ official, was just appointed by the FISA Court to oversee reforms to the FBI’s surveillance procedures.",0
2019-10-13 13:37:43+00:00,"Dealing with LindseyGrahamSC and many members of Congress, including Democrats, about imposing powerful Sanctions on Turkey.",0
2020-03-25 10:40:52+00:00,"Dealing with both Mayor and Governor and producing tremendously for them, including four new medical centers and four new hospitals.",0
2020-02-21 15:51:39+00:00,Decision within next few weeks!,0
2019-10-12 15:11:39+00:00,Deep State.,0
2019-11-04 05:01:09+00:00,Dem John Bell will take your guns and raise your taxes.,0
2019-10-26 20:20:04+00:00,"Democrat Jim Hood will never give us his vote, is anti-Trump and pro-Crooked Hillary.",1
2019-10-13 21:22:42+00:00,"Democrat Senate Seats will also be put at risk, even some that were supposedly safe.",0
2019-12-17 23:48:29+00:00,"Democrat “leadership,” despite their denials, are putting tremendous pressure on their members to vote yes on this ridiculous Impeachment.",0
2020-01-31 23:05:44+00:00,Democrats = 17 Witnesses.,0
2019-10-17 04:39:26+00:00,"Democrats always liked Walls, until I built them.",0
2019-10-17 04:39:26+00:00,"Democrats always liked that position, until I took it.",0
2019-10-15 13:40:00+00:00,Democrats are allowing no transparency at the Witch Hunt hearings.,0
2020-04-10 11:32:26+00:00,Democrats are blocking a 251 Billion Dollar funding boost for Small Businesses which will help them keep their employees.,0
2020-04-16 17:11:42+00:00,Democrats are blocking additional funding for the popular Paycheck Protection Program.,0
2020-04-08 12:20:48+00:00,Democrats are clamoring for it.,0
2020-01-23 21:08:28+00:00,Democrats are going to destroy your Social Security.,0
2020-03-01 04:45:36+00:00,"Democrats are working hard to destroy the name and reputation of Crazy Bernie Sanders, and take the nomination away from him!",1
2019-11-24 22:42:25+00:00,Democrats going back to their Districts for Thanksgiving are getting absolutely hammered by their constituents over the phony Impeachment Scam.,0
2020-02-22 15:18:17+00:00,"Democrats in the Great State of Nevada Which, because of the Economy, Jobs, the Military and Vets, I will win in November, be careful of Russia, Russia, Russia.",0
2019-10-25 23:30:35+00:00,Democrats just announced that they no longer want the Whistleblower to testify.,0
2019-11-15 04:52:16+00:00,Democrats must apologize to USA: Ukrainian Foreign Minister Vadym Prystaiko said that “United States Ambassador Gordon Sondland did NOT link financial military assistance to a request for Ukraine to open up an investigation into former V.P.,0
2020-01-27 05:18:33+00:00,Democrats said I never met and released the military aid to Ukraine without any conditions or investigations - and far ahead of schedule.,0
2020-02-26 02:29:24+00:00,Democrats talking point is that we are doing badly.,0
2019-10-14 10:39:09+00:00,"Democrat’s game was foiled when we caught Schiff fraudulently making up my Ukraine conversation, when I released the exact conversation Transcript, and when Ukrainian President and the Foreign Minister said there was NO PRESSURE, very normal talk!",0
2019-12-12 15:40:41+00:00,Dems Veronica Escobar and Jackson Lee purposely misquoted my call.,1
2020-01-11 14:07:38+00:00,Dems are “unhinged.”,1
2020-02-28 05:43:14+00:00,Dems called it VERY wrong!,0
2020-02-28 02:32:10+00:00,Dems called it very wrong!,0
2020-02-08 18:43:16+00:00,"Dems can’t do anything right, just look at the Iowa vote count!",1
2019-12-13 11:51:48+00:00,Dems had no answers and wanted out!,0
2019-11-23 16:25:37+00:00,"Dems have to go home and explain why they haven’t done something on Opioid crisis, drug prices, USMCA, the Border, etc.",0
2019-11-25 12:54:31+00:00,"Dems should now get down to work and finally approve USMCA, and much more!",0
2019-12-26 02:59:40+00:00,Dems want to run majority Republican Senate.,0
2020-03-02 12:55:20+00:00,Dems were working the Impeachment Hoax.,0
2020-01-28 15:44:56+00:00,Dems wouldn’t even give Fox their low ratings debates,0
2019-12-17 21:19:48+00:00,Denver has my Total Endorsement!,0
2019-12-26 14:36:41+00:00,"Despite all of the great success that our Country has had over the last 3 years, it makes it much more difficult to deal with foreign leaders and others when I am having to constantly defend myself against the Do Nothing Democrats and their bogus Impeachment Scam.",1
2020-04-30 11:45:41+00:00,"Despite reports to the contrary, Sweden is paying heavily for its decision not to lockdown.",0
2019-10-14 18:56:20+00:00,"Despite this, the Corrupt New York Times used this poll in one of its stories, no mention",1
2020-03-18 13:37:46+00:00,Details to follow!,0
2020-01-12 18:41:13+00:00,DevinNunes  MariaBartiromo FoxNews,0
2019-10-14 10:39:09+00:00,Did Schiff tell him to do that?,0
2020-03-08 04:42:08+00:00,Did the DNC and Dems tell Elizabeth Warren to wait?,0
2020-02-17 23:40:29+00:00,Did you hear the latest con job?,0
2020-02-28 14:54:51+00:00,Did you see him fawning over Crazy Bernie?,1
2019-11-15 17:13:56+00:00,Didn’t they lie?,0
2019-12-08 19:59:51+00:00,Didn’t think that was possible!,0
2020-03-08 04:42:08+00:00,Dirty double dealing?,0
2020-03-27 05:19:02+00:00,Discussed in great detail the CoronaVirus that is ravaging large parts of our Planet.,0
2019-11-04 12:06:39+00:00,Disgraceful!,1
2020-01-13 15:25:26+00:00,Do I see a feud brewing?,0
2019-10-23 18:58:41+00:00,"Do Nothing Democrats allow Republicans Zero Representation, Zero due process, and Zero Transparency",1
2019-11-22 19:04:35+00:00,Do Nothing Democrats are playing partisan politics with YOUR drug prices!,1
2020-02-28 02:32:10+00:00,"Do Nothing Democrats were busy wasting their time on the Impeachment Hoax, and anything they could do to make the Republican Party look bad, while I was busy calling early boarder and flight closings, putting us way ahead in our battle with the Coronavirus.",1
2019-12-06 12:43:35+00:00,Do not believe any article or story you read or see that uses “anonymous sources” having to do with trade or any other subject.,0
2019-12-06 12:43:35+00:00,Do not believe them!,1
2020-03-05 14:11:25+00:00,Do not protect criminals!,1
2019-10-14 11:14:09+00:00,Do people really think we should go to war with NATO Member Turkey?,0
2019-10-13 13:09:21+00:00,Do you remember two years ago when Iraq was going to fight the Kurds in a different part of Syria.,0
2019-10-17 04:39:26+00:00,Do you see what’s happening here?,0
2020-03-18 20:49:33+00:00,Doctors and nurses are at the front lines of this war and are true American HEROES!,0
2020-04-26 22:54:17+00:00,"Does anybody get the meaning of what a so-called Noble not Nobel Prize is, especially as it pertains to Reporters and Journalists?",0
2020-04-30 11:47:04+00:00,"Does anybody really believe that Roger Stone, a man whose house was raided early in the morning by 29 gun toting FBI Agents with Fake News CNN closely in toe, was treated fairly.",1
2019-10-23 18:58:44+00:00,Does anybody think this is fair?,0
2020-04-11 18:47:39+00:00,Does anyone ever notice how few quotes from an actual person are given nowadays by the Lamestream Media.,1
2019-11-04 12:50:51+00:00,Does he even exist?,0
2020-01-27 14:40:51+00:00,Does it link him to Whistleblower?,0
2019-10-31 14:37:39+00:00,Dollar and Rates are hurting,0
2019-12-02 22:21:21+00:00,Dollar is very strong relative to others.,0
2019-11-26 15:43:19+00:00,Don McGahn’s respected,0
2019-10-14 19:06:17+00:00,"Don't the Europeans have a lot of responsibility?” KatiePavlich Thank you Katie, I offered ISIS prisoners to the European countries from where they came, and was rejected on numerous occasions.",0
2020-03-01 13:23:34+00:00,"Don’t ask!, are on the “gravy train” and all making a fortune for themselves pushing Mini hard, when they knew he never had what it takes.",1
2020-01-24 15:37:32+00:00,"Don’t blame me, blame Obama!",1
2019-12-26 14:12:33+00:00,Don’t do it!,0
2019-12-08 19:42:13+00:00,"Don’t get why FoxNews puts losers on like RepSwalwell who got ZERO as presidential candidate before quitting, Pramila Jayapal, David Cicilline and others who are Radical Left Haters?",1
2019-12-15 00:47:51+00:00,Don’t know why FoxNews wants to be more like them?,0
2020-02-12 18:32:12+00:00,Don’t let it happen!,0
2020-01-20 15:43:57+00:00,"Don’t let it happen, VOTE REPUBLICAN in 2020!",0
2020-01-29 12:56:17+00:00,Don’t let the Dems play you!,0
2019-10-13 04:06:38+00:00,Don’t listen to people that haven’t got a clue.,0
2020-03-01 13:23:34+00:00,"Don’t pay them anymore Mike, they led you down",0
2019-11-03 14:12:00+00:00,Don’t pour it out into the Pacific Ocean.,0
2020-03-23 03:28:00+00:00,Don’t they understand that they are destroying themselves?,0
2020-03-03 13:24:48+00:00,Don’t vote for Mini Mike!,1
2019-10-12 03:25:34+00:00,Don’t want him at the White House!,0
2019-12-17 14:39:10+00:00,"Don’t worry, I have done nothing wrong.",0
2020-02-18 12:58:28+00:00,Don’t you think we wanted to know that before we put you on this jury.’ Pretty obvious he should get a new trial.,0
2019-10-21 13:17:53+00:00,"Doral in Miami would have been the best place to hold the G-7, and free, but too much heat from the Do Nothing Radical Left Democrats and their Partner, the Fake News Media!",1
2019-11-16 15:18:27+00:00,"Dow hits 28,000 - FIRST TIME EVER, HIGHEST EVER!",0
2019-11-21 12:31:40+00:00,"During my visit yesterday to Austin, Texas, for the startup of the new Mac Pro, and the discussion of a new one $billion campus, also in Texas, I asked Tim Cook to see if he could get Apple involved in building 5G in the U.S.",0
2020-02-02 23:13:16+00:00,"ENJOY THE GAME USA, OUR COUNTRY IS DOING GREAT!",0
2020-02-14 22:30:05+00:00,"Earlier this week, I met with families whose experiences from that horrible day still pierce the soul",0
2019-10-30 18:44:32+00:00,"Early voting in Louisiana for a man who will be a Great Governor, EddieRispone, on Saturday, November 2nd.",0
2019-10-14 11:14:09+00:00,"Easily recaptured by Turkey or European Nations from where many came, but they should move quickly.",0
2019-10-29 14:12:47+00:00,Economy Rocks!,0
2019-11-12 11:32:57+00:00,Economy is BOOMING.,0
2019-11-24 23:33:02+00:00,Eddie will retire peacefully with all of the.,0
2020-04-21 10:40:33+00:00,"Either I’m really good, far better than the Fake News wants to admit, or they don’t have nearly the power as once thought!",1
2020-02-12 02:21:27+00:00,"Elizabeth Warren, sometimes referred to as Pocahontas, is having a really bad night.",1
2020-01-13 15:25:26+00:00,Elizabeth is very angry at Bernie.,0
2020-03-09 11:30:18+00:00,Elizabeth “Pocahontas” Warren singlehandedly destroyed the Bernie Sanders campaign by stripping voters away from his count on Super T. He lost states that he easily would have won if she had dropped out 3 days earlier.,1
2020-03-04 03:35:16+00:00,"Elizabeth “Pocahontas” Warren, other than Mini Mike, was the loser of the night.",1
2020-03-05 16:10:49+00:00,"Elizabeth “Pocahontas” Warren, who was going nowhere except into Mini Mike’s head, just dropped out of the Democrat PrimaryTHREE DAYS TOO LATE.",1
2019-10-13 22:16:39+00:00,End Witch Hunt!,0
2020-04-17 13:50:31+00:00,End your ENDLESS VACATION!,1
2020-02-12 21:13:20+00:00,Ending surprise medical billing moving ahead in Congress!,0
2019-10-13 13:09:21+00:00,Endless Wars!,0
2020-03-03 13:24:48+00:00,Energy jobs gone.,0
2020-03-31 19:52:52+00:00,Engines would run smoother.,0
2020-03-04 23:43:30+00:00,Enjoy!,0
2019-12-04 09:22:05+00:00,Enjoyed my meeting with Prime Minister BorisJohnson of the United Kingdom at 10DowningStreet last night.,0
2020-02-06 22:32:52+00:00,Enjoyed speaking with you and Astro_Jessica on the first all-female spacewalk IN HISTORY last year.,0
2020-01-09 13:46:26+00:00,Entire Wall is under construction or getting ready to start!,0
2019-11-06 13:17:47+00:00,"Envoy to Ukraine, who said in his Congressional Testimony, just released, “You asked what conversations did I have about that quid pro quo, et cetra.",0
2019-10-14 11:14:09+00:00,"Europe had a chance to get their ISIS prisoners, but didn’t want the cost.",0
2019-10-13 23:27:49+00:00,Europe should have taken them back after numerous requests.,0
2020-02-12 11:53:00+00:00,Even Bob Mueller lied to Congress!,0
2020-03-10 14:44:11+00:00,Even Democrat governors have been VERY complimentary!,0
2020-02-18 13:14:21+00:00,"Even Mueller’s statement to Congress that he did not see me to become the FBI Director again, has been proven false.",0
2019-12-13 12:01:42+00:00,Even Pelosi admitted yesterday that she began this scam 2 1/2 years ago!,1
2019-10-26 11:44:09+00:00,Even Shifty Schiff got caught cheating when he made up what I said on the call!,1
2019-10-28 13:41:34+00:00,"Even killed long sought ISIS murderer, Al-Baghdadi.",0
2020-04-26 21:21:02+00:00,Even the Radical Left Do Nothing Democrats laughed at the Fox suggestion.,1
2020-03-04 11:52:25+00:00,Even the fact that Elizabeth Warren stayed in the race was devastating to Bernie and allowed Sleepy Joe to unthinkably win Massachusetts.,1
2019-11-18 13:52:24+00:00,"Even though I did nothing wrong, and don’t like giving credibility to this No Due Process Hoax, I like the idea and will, in order to get Congress focused again, strongly consider it!",0
2019-10-23 18:58:44+00:00,"Even though there was no quid pro quo, I’m sure they would like to try.",0
2020-02-14 15:25:18+00:00,"Every Republican Senator except Romney, many highly religious people, all very smart, voted against the Impeachment Hoax.",0
2020-04-25 14:51:54+00:00,Every person needing a Ventilator got one!,0
2019-11-03 14:11:58+00:00,"Every year, as the fire’s rage and California burns, it is the same thing-and then he comes to the Federal Government for $$$ help.",0
2020-03-16 15:00:41+00:00,Everybody is so well unified and working so hard.,0
2020-01-13 15:25:26+00:00,Everybody knows her campaign is dead and want her potential voters.,0
2020-02-18 15:29:43+00:00,"Everyone in my Administration is being so instructed, with no excuses",0
2020-02-18 13:14:20+00:00,Everything having to do with this fraudulent investigation is,0
2019-11-17 05:09:17+00:00,Everything very good great!.,0
2019-11-18 16:01:42+00:00,"Everything was discussed including interest rates, negative interest, low inflation, easing, Dollar strength and its effect on manufacturing, trade with China, E.U.",0
2019-12-24 12:10:04+00:00,"Everything we’re seeing from Speaker Pelosi and Senator Schumer suggests that they’re in real doubt about the evidence they’ve brought forth so far not being good enough,  and are very, very urgently seeking a way to find some more evidence.",0
2019-11-15 15:01:40+00:00,Everywhere Marie Yovanovitch went turned bad.,1
2020-02-12 11:53:00+00:00,Evidence now clearly shows that the Mueller Scam was improperly brought and tainted.,0
2020-04-18 17:20:28+00:00,Example!,0
2019-12-17 15:12:35+00:00,Exports would zoom!,0
2020-04-08 18:11:51+00:00,Extraordinary times require even closer cooperation between friends.,0
2019-11-01 14:08:17+00:00,"Extreme Democrat John Bel Edwards has sided with Nancy Pelosi and Chuck Schumer to support Sanctuary Cities, High Taxes, and Open Borders.",0
2020-01-26 16:07:35+00:00,FAKE NEWS,1
2020-04-24 14:40:20+00:00,FAKE NEWS!,1
2020-04-27 13:48:07+00:00,"FAKE NEWS, THE ENEMY OF THE PEOPLE!",1
2020-04-30 11:56:44+00:00,"FAKE POLLING, just like 2016 but worse!",1
2019-11-21 12:32:50+00:00,FAKE and CORRUPT NEWS!,1
2020-02-09 19:52:32+00:00,FBI Director Christopher Wray just admitted that the FISA Warrants and Survailence of my campaign were illegal.,0
2019-11-22 19:04:35+00:00,FEWER cures!,0
2019-11-22 19:04:35+00:00,FEWER treatments!,0
2020-04-08 15:26:20+00:00,FLATTENING OF THE CURVE!,0
2020-03-27 15:23:53+00:00,"FORD, GET GOING ON VENTILATORS, FAST!!!!!!",0
2020-03-17 13:27:18+00:00,Failing  Michigan Governor must work harder and be much more proactive.,0
2020-02-12 11:35:54+00:00,Fake News CNN and MSDNC have not surprisingly refused to talk about my record setting number of voters in New Hampshire and in Iowa.,1
2020-02-08 14:41:09+00:00,Fake News CNN and MSDNC keep talking about “Lt.,1
2019-12-07 00:23:21+00:00,Fake News CNN is reporting that I am “still using personal cell phone for calls despite repeated security warnings.” This is totally false information and reporting.,1
2020-05-03 20:18:19+00:00,"Fake News got it wrong again, as always, and tens of thousands of lives were saved by my EARLY BAN of China into our Country.",1
2020-04-06 13:08:58+00:00,Fake News is bad for America!,1
2019-11-09 11:41:21+00:00,"Fake News is reporting that I am talking to Mark Burnett about doing a big show, perhaps The Apprentice, after the presidency, which I would assume they mean in 5 years.",1
2020-03-08 16:23:39+00:00,Fake News is the Enemy of the people!,1
2020-03-01 21:13:29+00:00,"Fake News is, indeed, THE ENEMY OF THE PEOPLE!",1
2020-02-26 13:24:17+00:00,"Fake News said Biden did well, even though he said half of our population was shot to death.",1
2020-03-25 10:40:52+00:00,Fake News that I won’t help them because I don’t like Cuomo I do.,1
2020-03-24 02:44:49+00:00,Fake News!,1
2020-03-23 14:28:42+00:00,Fake and Corrupt News that is very dangerous for our Country!,1
2019-11-09 11:41:21+00:00,False reporting!,1
2019-11-04 00:59:45+00:00,"False stories are being reported that a few Republican Senators are saying that President Trump may have done a quid pro quo, but it doesn’t matter, there is nothing wrong with that, it is not an impeachable event.",1
2019-11-05 12:47:14+00:00,Fantastic being in the Great State of Kentucky last night.,0
2019-10-12 14:16:10+00:00,Fantastic being with you last night!,0
2019-11-17 15:02:08+00:00,Fantastic guests talk about the Fake Impeachment!,0
2019-11-03 15:01:00+00:00,Fantastic job Dana!,0
2019-10-11 14:15:49+00:00,Fast and Clean!,0
2020-02-17 23:40:30+00:00,"Fed Rate UP, taxes and regulations WAY DOWN.",0
2019-10-24 14:20:02+00:00,"Fed was way too fast to raise, and way too slow to cut!",0
2020-03-17 13:34:01+00:00,Federal Government is working very well with the Governors and State officials.,0
2020-03-29 00:19:31+00:00,Federal Government.,0
2020-05-04 13:36:33+00:00,"Federal Judges, not including two great Supreme Court Justices.",0
2019-11-01 01:32:44+00:00,Few have been treated worse.,0
2020-03-08 04:42:07+00:00,First amyklobuchar and PeteButtigieg quit the race and come out for Sleepy Joe BEFORE Super Tuesday.,1
2020-03-31 19:52:52+00:00,Foolish executives!,1
2020-01-29 12:28:22+00:00,"For a guy who couldn’t get approved for the Ambassador to the U.N. years ago, couldn’t get approved for anything since, “begged” me for a non Senate approved job, which I gave him despite many saying “Don’t do it, sir,” takes the job, mistakenly says “Libyan Model” on T.V., and..",1
2020-04-26 18:37:00+00:00,"For all of the great lawyers out there, do we have any takers?",0
2020-03-13 10:22:17+00:00,"For decades the CDCgov looked at, and studied,  its testing system, but did nothing about it.",0
2020-04-06 11:49:57+00:00,"For humanitarian reasons, the passengers from the two CoronaVirus stricken cruise ships have been given medical treatment and, when appropriate, allowed to disembark, under strict supervision.",0
2020-04-19 19:14:26+00:00,For me it’s about lives and  the future of our Country!,0
2020-02-15 22:40:44+00:00,"For one, lowest unemployment numbers in USA history.",0
2020-04-07 15:04:16+00:00,"For some reason, funded largely by the United States, yet very China centric.",0
2020-04-12 19:25:35+00:00,For the first time in history there is a fully signed Presidential Disaster Declaration for all 50 States.,0
2020-03-18 10:41:14+00:00,"For the people that are now out of work because of the important and necessary containment policies, for instance the shutting down of hotels, bars and restaurants, money will soon be coming to you.",0
2020-04-13 14:53:50+00:00,"For the purpose of creating conflict and confusion, some in the Fake News Media are saying that it is the Governors decision to open up the states, not that of the President of the United States and the Federal Government.",1
2019-12-06 13:16:35+00:00,"For this year alone, Dow up 18.65%, SandP up 24.36%, Nasdaq Composite up 29.17%.",0
2020-03-22 14:25:16+00:00,"Ford, General Motors and Tesla are being given the go ahead to make ventilators and other metal products, FAST!",0
2020-03-24 02:44:49+00:00,"Forgot to mention that I closed our Country to China and Europe very early, long before it was considered acceptable to do so.",0
2019-12-20 15:24:23+00:00,Formal signing being arranged.,0
2019-10-14 10:54:24+00:00,"Former Democrat Senator Harry Reid just stated that Donald Trump is very smart, much more popular than people think, is underestimated, and will be hard to beat in the 2020 Election.",0
2020-01-15 03:18:03+00:00,Former National Security Adviser for President Obama said “President Trump was absolutely correct” in taking out terroristist leader Soleimani.,0
2020-04-07 15:04:16+00:00,Fortunately I rejected their advice on keeping our borders open to China early on.,0
2020-02-21 15:51:39+00:00,Four great candidates are under consideration at DNI.,0
2019-12-15 00:10:12+00:00,"Fox is trying sooo hard to be politically correct, and yet they were totally shut out from the failed Dem debates!",1
2019-11-21 12:26:31+00:00,"Fox should stay with the people that got them there, not losers!",1
2020-01-26 00:16:02+00:00,FoxNews  OANN No Thanks!,0
2020-03-02 16:43:33+00:00,"FoxNews is working hard pushing the Radical Left, Do Nothing Democrats.",1
2020-04-26 21:21:02+00:00,FoxNews just doesn’t get what’s happening!,1
2020-04-19 19:14:26+00:00,"FoxNews “Dems say President Trump is trying to open the United States Economy too quickly”, but, if I took even a little more time, they would loudly chant that I am moving too slowly.",0
2020-01-24 12:35:51+00:00,"Frances Hakes, former Federal prosecutor, “This is really significant.",0
2019-12-15 00:47:51+00:00,Fredo on CNN is dying.,1
2019-12-27 13:48:31+00:00,"From Midnight Cowboy to Deliverance to The Champ one of the best ever boxing movies, and many others, Jon delivers BIG.",0
2019-10-10 13:08:49+00:00,"From the day I announced I was running for President, I have NEVER had a good FoxNews Poll.",0
2020-03-29 00:19:31+00:00,Full details will be released by CDC tonight.,0
2020-03-14 13:45:56+00:00,Full report latter!,0
2019-10-22 22:18:29+00:00,Further reports to come later!,0
2019-11-01 14:08:18+00:00,"GET OUT AND VOTE for Eddie, the next Governor of the GREAT State of Louisiana!",0
2019-10-26 20:26:34+00:00,"GET OUT and VOTE on November 5th for your GREAT Governor, MattBevin!",0
2020-02-08 21:08:35+00:00,GET PETE ROSE INTO THE BASEBALL HALL OF FAME.,0
2020-04-14 14:24:51+00:00,"GET RID OF BALLOT HARVESTING, IT IS RAMPANT WITH FRAUD.",0
2020-03-15 15:02:16+00:00,GOD BLESS EVERYONE!,0
2019-10-09 12:14:02+00:00,GOING INTO THE MIDDLE EAST IS THE WORST DECISION EVER MADE.,0
2020-03-05 16:02:43+00:00,GOPLeader Kevin McCarthy informed me that I was 20 for 20 on Tuesday with respect to my Endorsement of candidates.,0
2019-12-06 14:57:39+00:00,GREAT JOBS REPORT!,0
2019-12-07 00:06:59+00:00,GREAT WORK yesterday by the Senate to support our Historically Black Colleges and Universities!,0
2020-04-03 17:14:22+00:00,GREAT news this week regarding the Keystone XL Pipeline – moving forward with fantastic paying CONSTRUCTION jobs for hardworking Americans.,0
2020-03-05 20:34:49+00:00,Gallup just gave us the highest rating ever for the way we are handling the CoronaVirus situation.,0
2019-10-31 04:49:56+00:00,Game 7 was amazing!,0
2020-04-06 15:34:27+00:00,"Gee, I wonder why?",0
2019-11-16 15:18:27+00:00,"Gee, Pelosi and Schitt have a good idea, “lets Impeach the President.” If something like that ever happened, it would lead to the biggest FALL in Market History.",1
2020-02-12 12:06:23+00:00,"Gee, that sounds very fair!",1
2020-03-27 15:23:53+00:00,"General Motors MUST immediately open their stupidly abandoned Lordstown plant in Ohio, or some other plant, and START MAKING VENTILATORS, NOW!!!!!!",1
2020-01-03 13:54:43+00:00,"General Qassem Soleimani has killed or badly wounded thousands of Americans over an extended period of time, and was plotting to kill many morebut got caught!",0
2020-03-27 15:23:53+00:00,GeneralMotors  Ford,0
2020-01-12 13:58:09+00:00,"George GStephanopoulos, ask Crazy Nancy why she allowed Adam “Shifty” Schiff to totally make up my conversation with the Ukrainian President and read his false words to Congress and the world, as though I said it?",1
2020-02-11 16:39:59+00:00,Germany and other countries get paid to borrow money.,0
2019-10-24 14:20:02+00:00,Germany and others are  actually GETTING PAID to borrow money.,0
2020-03-02 15:16:33+00:00,Germany and others are pumping money into their economies.,0
2019-12-15 19:08:19+00:00,Get a new pollster!,0
2019-11-21 13:30:21+00:00,Get back to business!,0
2019-10-26 20:20:04+00:00,Get out and VOTE for Tate Reeves on November 5th.,0
2020-03-09 21:29:35+00:00,"Get out and Vote for Michael tomorrow, March 10th!",0
2019-10-15 15:57:15+00:00,Get out and Vote for Tate Reeves on November 5th.,0
2020-02-29 02:43:24+00:00,"Get out and vote for Ronny on Tuesday, March 3rd!",0
2020-04-17 16:11:45+00:00,Get out there and get the job done.,0
2020-03-31 19:50:29+00:00,"Get rid of those old, unsafe clunkers.",0
2020-04-09 18:39:20+00:00,Get well Boris!!,0
2019-11-03 14:11:58+00:00,Get your act together Governor.,0
2019-12-12 14:35:47+00:00,Getting VERY close to a BIG DEAL with China.,0
2020-04-24 13:38:16+00:00,Getting VERY good reviews of the job the Federal Government is doing on CoronaVirus.,0
2020-05-04 12:19:45+00:00,"Getting great reviews, finally, for how well we are handling the pandemic, especially our strong production of desperately needed ventilators, the building of field hospitals and beds, and soon, the great things we are doing on testing.",0
2020-02-16 15:25:00+00:00,Getting ready to go to the Daytona 500.,0
2019-11-15 00:28:02+00:00,Getting ready to land in Louisiana to do Rally with Great Republican EddieRispone for Governor.,0
2020-01-17 15:17:43+00:00,"Getting ready to meet the LSU Tigers, the National Champions.",0
2020-02-12 03:23:07+00:00,Giving Crazy Bernie a run for his money.,0
2019-10-30 12:26:21+00:00,Go Nick!,0
2020-03-01 05:30:08+00:00,Go away Tom and save whatever little money you have left!,0
2019-11-17 16:51:39+00:00,Go get the book!,0
2019-11-04 17:39:36+00:00,Go order it today!,0
2020-03-16 12:41:22+00:00,God Bless the USA!,0
2020-03-04 14:20:44+00:00,God bless your loved ones and all of the families affected!,0
2020-03-10 13:23:21+00:00,Going to be a BAD day for Crazy Bernie!,1
2019-10-25 12:32:06+00:00,Going well!,0
2020-04-02 14:54:55+00:00,Good GREAT news for everyone!,0
2020-03-25 14:49:56+00:00,Good conversation with Governor Cuomo!,0
2019-12-10 14:32:30+00:00,"Good for everybody - Farmers, Manufacturers, Energy, Unions - tremendous support.",0
2020-03-09 14:36:49+00:00,"Good for the consumer, gasoline prices coming down!",0
2020-02-18 20:51:54+00:00,"Good luck in the debate tomorrow night and remember, no standing on boxes!",0
2019-11-11 23:58:15+00:00,Good luck with that!” JesseBWatters FoxNews,0
2019-12-18 03:54:22+00:00,Good marks and reviews on the letter I sent to Pelosi today.,0
2019-10-22 22:18:29+00:00,"Good news seems to be happening with respect to Turkey, Syria and the Middle East.",0
2020-03-14 11:37:24+00:00,Good teamwork between Republicans and Democrats as the House passes the big CoronaVirus Relief Bill.,0
2019-10-11 13:49:09+00:00,Good things are happening at China Trade Talk Meeting.,0
2020-04-20 14:32:12+00:00,Good things happening!,0
2020-03-13 01:58:02+00:00,Good things will happen for Japan and their great Prime Minister.,0
2020-03-17 13:34:01+00:00,Good things will happen!,0
2020-04-12 14:21:03+00:00,Good!,0
2019-12-26 03:12:18+00:00,"Got ZERO Republican votes, there was no crime, the call with Ukraine was perfect, with “no pressure.” She said it must be “bipartisan",0
2020-03-30 11:17:10+00:00,"Got some bad things, having nothing to do with those affected by the Virus, included.",0
2019-12-28 21:14:37+00:00,"Governor Cuomo has lost control, and lost his mind.",1
2020-04-17 16:11:45+00:00,Governor Cuomo should spend more time “doing” and less time “complaining”.,1
2020-04-11 23:28:18+00:00,"Governor GavinNewsom of California has been very nice and  highly supportive about the great job we have done, working together, for California.",0
2020-04-23 23:54:54+00:00,Governor JimJusticeWV is a tremendous fighter for the incredible people of West Virginia.,0
2019-10-15 15:30:39+00:00,Governor MattBevin has done a wonderful job for the people of Kentucky!,0
2019-10-26 20:26:34+00:00,Governor MattBevin has done a wonderful job for the people of Kentucky!,0
2020-04-19 16:36:26+00:00,Governors must be able to step up and get the job done.,0
2020-04-12 21:43:10+00:00,"Governors, get your states testing programs and apparatus perfected.",0
2020-01-17 15:17:43+00:00,"Great Coach, great Team, great School.",0
2020-01-26 14:45:02+00:00,"Great Editorial in today’s Wall Street Journal, “And Congress Shall Be King.” Bottom line: “The President becomes a vassal of King Congress.",0
2020-04-24 14:49:41+00:00,Great News!,0
2020-04-09 18:39:20+00:00,Great News: Prime Minister Boris Johnson has just been moved out of Intensive Care.,0
2020-02-21 06:16:27+00:00,Great Rally In Colorado.,0
2019-12-11 23:45:03+00:00,Great Rally in Pennsylvania last night.,0
2019-11-04 05:01:09+00:00,"Great Republican Geary Higgins has my complete and total Endorsement for Virginia Senate, 13th District.",0
2019-12-31 14:06:09+00:00,Great and important coordination!,0
2020-02-11 13:43:27+00:00,Great being in New Hampshire last night.,0
2020-04-12 16:14:52+00:00,"Great businessman and philanthropist Bernie Marcus, Co-Founder of Home Depot, said that Congress was too distracted by the phony Impeachment Witch Hunt when they should have been investigating  CoronaVirus when it first appeared in China.",0
2020-04-24 14:59:34+00:00,Great conversation with President Lenin Moreno of the Republic of Ecuador.,0
2020-04-24 14:12:23+00:00,Great cooperation between us!,0
2019-11-21 13:08:33+00:00,Great corruption and dishonesty by Schiff on the other side!,1
2020-04-12 19:40:03+00:00,Great deal for all!,0
2020-03-15 17:02:00+00:00,"Great decision to close our China, and other, borders early.",0
2020-02-07 10:31:23+00:00,"Great discipline is taking place in China, as President Xi strongly leads what will be a very successful operation.",0
2019-11-03 15:01:00+00:00,Great energy.,0
2019-11-03 14:12:00+00:00,Great firefighters!,0
2019-10-17 18:03:25+00:00,Great for everybody.,0
2020-03-03 04:17:15+00:00,"Great for the middle class, great for the USA!",0
2020-02-14 23:38:35+00:00,"Great honor, I think?",0
2019-10-19 17:35:40+00:00,Great interview on TeamCavuto!,0
2020-01-10 13:04:07+00:00,"Great interview this morning by foxandfriends with some of the fantastic people who attended the big Rally last night in Toledo, Ohio.",0
2020-01-07 13:27:12+00:00,Great interview with GOPLeader Kevin McCarthy on foxandfriends.,0
2019-11-17 19:30:09+00:00,Great job Steve!,0
2020-04-03 18:49:51+00:00,Great job being done by BankofAmerica and many community banks throughout the country.,0
2020-04-07 03:39:01+00:00,Great job being done by Dr. Nicole Saphier on FoxNews!,0
2020-04-28 13:42:38+00:00,Great job being done by GregAbbott_TX,0
2020-03-09 13:11:47+00:00,Great job being done by the VP and the CoronaVirus Task Force.,0
2019-12-02 18:12:18+00:00,"Great job by RepDougCollins of Georgia over the weekend in representing the Republican Party, and myself, against the Impeachment Hoax!",0
2020-04-25 12:14:56+00:00,Great job on TuckerCarlson describing some of the most beautiful land in the world!,0
2019-12-12 12:57:50+00:00,Great job!,0
2019-11-01 21:11:29+00:00,Great leaders would work,0
2020-02-09 00:07:31+00:00,"Great lineup on FoxNews tonight with JesseBWatters, JudgeJeanine and and greggutfeld.",0
2019-10-21 12:25:26+00:00,"Great new book by wonderful and very street smart author Dan Bongino, EXONERATED, THE FAILED TAKEDOWN OF PRESIDENT DONALD TRUMP BY THE SWAMP.",0
2020-02-24 22:08:51+00:00,"Great new book just out, “Taken for Granted, How Conservatives Can Win Back Americans That Liberalism Failed”, by Gianni Caldwell, a young winner!",0
2019-10-14 18:59:04+00:00,"Great new book, ""Resistance At All Costs: How Trump Haters Are Breaking America"" out by Kimberley Strassel of the Wall Street Journal.",0
2019-10-17 17:29:37+00:00,Great news out of Turkey.,0
2020-03-31 19:50:29+00:00,Great news!,0
2019-12-04 14:26:36+00:00,Great progress has been made by NATO over the last three years.,0
2019-11-06 04:51:12+00:00,Great reaction under pressure Tate!,0
2020-02-03 16:51:40+00:00,"Great times are coming, after waiting for decades, for our Farmers, Ranchers, Manufacturers and ALL.",0
2020-03-01 23:43:34+00:00,Great timing.,0
2020-03-14 19:06:09+00:00,Great to hear that his wonderful wife Sophie is doing very well.,0
2020-01-30 20:34:18+00:00,Great to see!,0
2020-02-07 16:36:42+00:00,Great tradition!,0
2019-12-02 07:21:57+00:00,"Great writer and historian, Doug Wead, has written a true not Fake News account of what is going on in Washington and the White House.",0
2020-01-20 19:59:40+00:00,Great!,0
2019-10-16 18:44:06+00:00,"Guatemala, Honduras and El Salvador have all signed historic Asylum Cooperation Agreements and are working to end the scourge of human smuggling.",0
2020-02-23 21:19:28+00:00,HAPPY BIRTHDAY CongressmanJVD!,0
2020-04-12 14:21:55+00:00,HAPPY EASTER!,0
2020-04-10 14:32:33+00:00,HAPPY GOOD FRIDAY TO ALL!,0
2020-01-01 01:30:35+00:00,HAPPY NEW YEAR!,0
2020-02-17 14:16:21+00:00,HAPPY PRESIDENT’S DAY!,0
2019-11-11 13:42:32+00:00,HAPPY VETERANS DAY!,0
2019-12-21 03:43:47+00:00,HASCRepublicans,0
2020-01-09 15:47:49+00:00,HOW ARE YOUR 401K’S DOING?,0
2020-03-21 14:13:08+00:00,"HYDROXYCHLOROQUINE and AZITHROMYCIN, taken together, have a real chance to be one of the biggest game changers in the history of medicine.",0
2019-10-26 11:21:15+00:00,Had a beautiful dinner last night at Camp David in celebration of the 10th Wedding Anniversary of Ivanka and Jared.,0
2020-01-07 19:05:20+00:00,Had a very good meeting with kbsalsaud of Saudi Arabia.,0
2019-12-20 15:24:23+00:00,Had a very good talk with President Xi of China concerning our giant Trade Deal.,0
2020-02-06 05:22:52+00:00,"Had failed presidential candidate MittRomney devoted the same energy and anger to defeating a faltering Barack Obama as he sanctimoniously does to me, he could have won the election.",1
2020-02-17 23:40:30+00:00,"Had to rebuild our military, which was totally depleted.",0
2020-04-26 16:06:42+00:00,"Happy Birthday to Melania, our great First Lady!",0
2020-04-22 11:03:26+00:00,Happy Birthday to the great Cindy Adams of the New York Post.,0
2020-04-30 00:52:36+00:00,"Happy Birthday to three time Olympian and five term Congressman, JimRyun!",0
2019-10-14 12:06:24+00:00,Happy Columbus Day!,0
2019-12-31 21:19:07+00:00,Happy New Year!,0
2020-01-30 20:13:03+00:00,Happy birthday today to two of the very best in Congress—RepMikeJohnson age 48 and RepLeeZeldin age 40—big one!.,0
2019-12-15 00:10:12+00:00,"Hard to believe that FoxNews will be interviewing sleazebag and totally discredited former FBI Director James Comey, and also corrupt politician Adam “Shifty” Schiff.",1
2019-12-07 18:54:36+00:00,"Hard to believe, but if Nancy Pelosi had put our great Trade Deal with Mexico and Canada, USMCA, up for a vote long ago, our economy would be even better.",0
2019-11-22 19:04:34+00:00,Hard-working Americans don’t deserve to pay such high prices for the drugs they need.,0
2020-02-28 14:54:51+00:00,"Has no chance, a loser for South Carolina, doesn’t deserve your vote!",1
2020-04-12 14:21:03+00:00,Have more bed capacity than was needed.,0
2020-04-13 13:31:19+00:00,"Having been involved in the negotiations, to put it mildly, the number that OPEC+ is looking to cut is 20 Million Barrels a day, not the 10 Million that is generally being reported.",0
2019-12-08 16:50:13+00:00,"He also  made a fortune from China and others, but zero before his father became V.P.",0
2019-11-12 11:25:11+00:00,He and others also stated that there was.,0
2019-12-14 19:09:26+00:00,He and the Do Nothing Democrats did NOTHING as this $ carnage took place.,1
2019-10-24 15:48:47+00:00,"He appreciates what we have done, and I appreciate what the Kurds have done.",0
2020-02-13 16:04:34+00:00,"He came in with a bang, went out with a whimper, but like so many X’s, he misses the action and just can’t keep his mouth shut,.",1
2020-03-27 13:44:49+00:00,"He can’t stop it, only delay, which is both dangerous..",0
2019-10-12 03:25:34+00:00,"He chocked, and looks weak and pathetic.",1
2019-12-06 23:42:45+00:00,He continues to protect your very important #2A.,0
2020-01-30 20:11:30+00:00,He continues to protect your very important Second Amendment.,0
2019-10-30 12:26:21+00:00,He could now have a good chance of winning.,0
2020-02-09 16:04:57+00:00,He couldn’t understand the Transcripts.,0
2019-12-17 21:19:48+00:00,"He defends our right to bear arms, protect our Borders and help small businesses.",0
2020-02-25 14:02:15+00:00,He didn’t like my early travel closings.,0
2019-11-04 12:50:51+00:00,He disappeared after I released the transcript.,0
2020-02-07 10:31:22+00:00,"He feels they are doing very well, even building hospitals in a matter of only days.",0
2019-12-20 20:59:03+00:00,He fights for your #2A rights and the Border Wall.,0
2019-12-17 21:44:23+00:00,He fights hard everyday to support our Veterans and the Military.,0
2020-02-08 21:08:35+00:00,"He gambled, but only on his own team winning, and paid a decades long price.",0
2020-04-18 17:20:28+00:00,"He gave them everything that they would have wanted to hear in terms of gaining ground on the CoronaVirus, but nothing that anyone could have said, including “it’s over”, could have made",0
2020-02-10 14:25:20+00:00,He gets 67% on economy.,0
2020-01-12 13:58:09+00:00,He got caught!,0
